run_id,benchmark,split,arch,tier,lambda_val,lambda_regime,seed_idx,global_seed,final_id_acc,final_ood_acc,escaped,mean_whitened_gca,top_hessian_eig,status
dense_grid_hbar_lam_0.000_s0,hbar,split_b_recursion_depth,transformer_2l,tier_1_dense_grid,0.0,subcritical,0,7,95.7227,57.0951,False,0.001,3.011208269336844e-05,PASS
dense_grid_hbar_lam_0.000_s1,hbar,split_b_recursion_depth,transformer_2l,tier_1_dense_grid,0.0,subcritical,1,49,96.7,35.21,False,0.001,2.7840026037994637e-05,PASS
dense_grid_hbar_lam_0.000_s2,hbar,split_b_recursion_depth,transformer_2l,tier_1_dense_grid,0.0,subcritical,2,91,94.6411,63.8133,False,0.001,2.9213264982058305e-05,PASS
dense_grid_hbar_lam_0.000_s3,hbar,split_b_recursion_depth,transformer_2l,tier_1_dense_grid,0.0,subcritical,3,133,93.529,54.8182,False,0.001,3.754643058940807e-05,PASS
dense_grid_hbar_lam_0.000_s4,hbar,split_b_recursion_depth,transformer_2l,tier_1_dense_grid,0.0,subcritical,4,175,94.2093,68.283,False,0.001,1.6132708893969913e-05,PASS
dense_grid_hbar_lam_0.000_s5,hbar,split_b_recursion_depth,transformer_2l,tier_1_dense_grid,0.0,subcritical,5,217,94.9532,51.8442,False,0.001,3.218734847821378e-05,PASS
dense_grid_hbar_lam_0.000_s6,hbar,split_b_recursion_depth,transformer_2l,tier_1_dense_grid,0.0,subcritical,6,259,94.8374,76.118,False,0.001,1.904054321266173e-05,PASS
dense_grid_hbar_lam_0.000_s7,hbar,split_b_recursion_depth,transformer_2l,tier_1_dense_grid,0.0,subcritical,7,301,92.5474,65.8375,False,0.001,2.4022793531527232e-05,PASS
dense_grid_hbar_lam_0.000_s8,hbar,split_b_recursion_depth,transformer_2l,tier_1_dense_grid,0.0,subcritical,8,343,90.9229,56.9147,False,0.001,3.691552705292013e-05,PASS
dense_grid_hbar_lam_0.000_s9,hbar,split_b_recursion_depth,transformer_2l,tier_1_dense_grid,0.0,subcritical,9,385,94.0557,73.4647,False,0.001,2.524900884189956e-05,PASS
dense_grid_hbar_lam_0.000_s10,hbar,split_b_recursion_depth,transformer_2l,tier_1_dense_grid,0.0,subcritical,10,427,89.7041,60.4166,False,0.001,1.871557610003342e-05,PASS
dense_grid_hbar_lam_0.000_s11,hbar,split_b_recursion_depth,transformer_2l,tier_1_dense_grid,0.0,subcritical,11,469,93.6462,47.0167,False,0.001,1.21500599553671e-05,PASS
dense_grid_hbar_lam_0.000_s12,hbar,split_b_recursion_depth,transformer_2l,tier_1_dense_grid,0.0,subcritical,12,511,93.7434,51.0079,False,0.001,3.1733855929863704e-05,PASS
dense_grid_hbar_lam_0.000_s13,hbar,split_b_recursion_depth,transformer_2l,tier_1_dense_grid,0.0,subcritical,13,553,93.0594,42.4462,False,0.001,2.9086727451199775e-05,PASS
dense_grid_hbar_lam_0.000_s14,hbar,split_b_recursion_depth,transformer_2l,tier_1_dense_grid,0.0,subcritical,14,595,94.6578,59.2265,False,0.001,3.195025791208671e-05,PASS
dense_grid_hbar_lam_0.000_s15,hbar,split_b_recursion_depth,transformer_2l,tier_1_dense_grid,0.0,subcritical,15,637,91.0893,53.8309,False,0.001,2.84890655211698e-05,PASS
dense_grid_hbar_lam_0.000_s16,hbar,split_b_recursion_depth,transformer_2l,tier_1_dense_grid,0.0,subcritical,16,679,95.413,43.1712,False,0.001,3.567346126736933e-06,PASS
dense_grid_hbar_lam_0.000_s17,hbar,split_b_recursion_depth,transformer_2l,tier_1_dense_grid,0.0,subcritical,17,721,92.0236,73.5882,False,0.001,2.741673972701345e-05,PASS
dense_grid_hbar_lam_0.000_s18,hbar,split_b_recursion_depth,transformer_2l,tier_1_dense_grid,0.0,subcritical,18,763,93.6996,55.4943,False,0.001,4.569630980748253e-05,PASS
dense_grid_hbar_lam_0.000_s19,hbar,split_b_recursion_depth,transformer_2l,tier_1_dense_grid,0.0,subcritical,19,805,91.5319,57.5001,False,0.001,3.446443394335407e-05,PASS
dense_grid_hbar_lam_0.000_s20,hbar,split_b_recursion_depth,transformer_2l,tier_1_dense_grid,0.0,subcritical,20,847,94.2969,36.8849,False,0.001,2.5032640710840916e-05,PASS
dense_grid_hbar_lam_0.000_s21,hbar,split_b_recursion_depth,transformer_2l,tier_1_dense_grid,0.0,subcritical,21,889,91.8951,76.0463,False,0.001,1.802707484395477e-05,PASS
dense_grid_hbar_lam_0.000_s22,hbar,split_b_recursion_depth,transformer_2l,tier_1_dense_grid,0.0,subcritical,22,931,93.8847,40.8138,False,0.001,2.9530233212702344e-05,PASS
dense_grid_hbar_lam_0.000_s23,hbar,split_b_recursion_depth,transformer_2l,tier_1_dense_grid,0.0,subcritical,23,973,94.8757,72.1262,False,0.001,1.864523658574042e-05,PASS
dense_grid_hbar_lam_0.000_s24,hbar,split_b_recursion_depth,transformer_2l,tier_1_dense_grid,0.0,subcritical,24,1015,93.903,37.5977,False,0.001,2.0907544744479663e-05,PASS
dense_grid_hbar_lam_0.000_s25,hbar,split_b_recursion_depth,transformer_2l,tier_1_dense_grid,0.0,subcritical,25,1057,93.3906,83.7599,True,0.001,3.185829260053895e-05,PASS
dense_grid_hbar_lam_0.000_s26,hbar,split_b_recursion_depth,transformer_2l,tier_1_dense_grid,0.0,subcritical,26,1099,92.3864,53.5944,False,0.001,2.3467609154272804e-05,PASS
dense_grid_hbar_lam_0.000_s27,hbar,split_b_recursion_depth,transformer_2l,tier_1_dense_grid,0.0,subcritical,27,1141,94.2151,87.6031,True,0.001,3.246323729039992e-05,PASS
dense_grid_hbar_lam_0.000_s28,hbar,split_b_recursion_depth,transformer_2l,tier_1_dense_grid,0.0,subcritical,28,1183,92.1733,55.0869,False,0.001,1.597401926946949e-05,PASS
dense_grid_hbar_lam_0.000_s29,hbar,split_b_recursion_depth,transformer_2l,tier_1_dense_grid,0.0,subcritical,29,1225,92.9548,71.4553,False,0.001,1.851031129533401e-05,PASS
dense_grid_hbar_lam_0.010_s0,hbar,split_b_recursion_depth,transformer_2l,tier_1_dense_grid,0.01,subcritical,0,7,92.1303,97.0364,True,0.0815,2.75e-05,PASS
dense_grid_hbar_lam_0.010_s1,hbar,split_b_recursion_depth,transformer_2l,tier_1_dense_grid,0.01,subcritical,1,49,94.0814,43.716,False,0.0809,2.75e-05,PASS
dense_grid_hbar_lam_0.010_s2,hbar,split_b_recursion_depth,transformer_2l,tier_1_dense_grid,0.01,subcritical,2,91,93.5681,48.9036,False,0.0802,2.75e-05,PASS
dense_grid_hbar_lam_0.010_s3,hbar,split_b_recursion_depth,transformer_2l,tier_1_dense_grid,0.01,subcritical,3,133,92.6035,98.8388,True,0.0797,2.75e-05,PASS
dense_grid_hbar_lam_0.010_s4,hbar,split_b_recursion_depth,transformer_2l,tier_1_dense_grid,0.01,subcritical,4,175,95.2782,51.7528,False,0.078,2.75e-05,PASS
dense_grid_hbar_lam_0.010_s5,hbar,split_b_recursion_depth,transformer_2l,tier_1_dense_grid,0.01,subcritical,5,217,93.6646,54.0022,False,0.0801,2.75e-05,PASS
dense_grid_hbar_lam_0.010_s6,hbar,split_b_recursion_depth,transformer_2l,tier_1_dense_grid,0.01,subcritical,6,259,93.8075,46.8885,False,0.0836,2.75e-05,PASS
dense_grid_hbar_lam_0.010_s7,hbar,split_b_recursion_depth,transformer_2l,tier_1_dense_grid,0.01,subcritical,7,301,94.6569,41.8992,False,0.0792,2.75e-05,PASS
dense_grid_hbar_lam_0.010_s8,hbar,split_b_recursion_depth,transformer_2l,tier_1_dense_grid,0.01,subcritical,8,343,92.2407,60.8928,False,0.0829,2.75e-05,PASS
dense_grid_hbar_lam_0.010_s9,hbar,split_b_recursion_depth,transformer_2l,tier_1_dense_grid,0.01,subcritical,9,385,95.3756,52.5063,False,0.0799,2.75e-05,PASS
dense_grid_hbar_lam_0.010_s10,hbar,split_b_recursion_depth,transformer_2l,tier_1_dense_grid,0.01,subcritical,10,427,92.2573,66.5148,False,0.0791,2.75e-05,PASS
dense_grid_hbar_lam_0.010_s11,hbar,split_b_recursion_depth,transformer_2l,tier_1_dense_grid,0.01,subcritical,11,469,93.7623,38.8381,False,0.0797,2.75e-05,PASS
dense_grid_hbar_lam_0.010_s12,hbar,split_b_recursion_depth,transformer_2l,tier_1_dense_grid,0.01,subcritical,12,511,95.1305,56.4067,False,0.0806,2.75e-05,PASS
dense_grid_hbar_lam_0.010_s13,hbar,split_b_recursion_depth,transformer_2l,tier_1_dense_grid,0.01,subcritical,13,553,96.1362,98.5583,True,0.0812,2.75e-05,PASS
dense_grid_hbar_lam_0.010_s14,hbar,split_b_recursion_depth,transformer_2l,tier_1_dense_grid,0.01,subcritical,14,595,95.086,97.2568,True,0.0829,2.75e-05,PASS
dense_grid_hbar_lam_0.010_s15,hbar,split_b_recursion_depth,transformer_2l,tier_1_dense_grid,0.01,subcritical,15,637,93.4697,59.5739,False,0.0808,2.75e-05,PASS
dense_grid_hbar_lam_0.010_s16,hbar,split_b_recursion_depth,transformer_2l,tier_1_dense_grid,0.01,subcritical,16,679,94.9757,59.7856,False,0.0799,2.75e-05,PASS
dense_grid_hbar_lam_0.010_s17,hbar,split_b_recursion_depth,transformer_2l,tier_1_dense_grid,0.01,subcritical,17,721,95.7034,51.3405,False,0.0782,2.75e-05,PASS
dense_grid_hbar_lam_0.010_s18,hbar,split_b_recursion_depth,transformer_2l,tier_1_dense_grid,0.01,subcritical,18,763,93.0567,67.891,False,0.0814,2.75e-05,PASS
dense_grid_hbar_lam_0.010_s19,hbar,split_b_recursion_depth,transformer_2l,tier_1_dense_grid,0.01,subcritical,19,805,91.543,97.496,True,0.0793,2.75e-05,PASS
dense_grid_hbar_lam_0.010_s20,hbar,split_b_recursion_depth,transformer_2l,tier_1_dense_grid,0.01,subcritical,20,847,94.4329,60.3328,False,0.0814,2.75e-05,PASS
dense_grid_hbar_lam_0.010_s21,hbar,split_b_recursion_depth,transformer_2l,tier_1_dense_grid,0.01,subcritical,21,889,92.7603,44.8154,False,0.0818,2.75e-05,PASS
dense_grid_hbar_lam_0.010_s22,hbar,split_b_recursion_depth,transformer_2l,tier_1_dense_grid,0.01,subcritical,22,931,91.6643,48.8386,False,0.0825,2.75e-05,PASS
dense_grid_hbar_lam_0.010_s23,hbar,split_b_recursion_depth,transformer_2l,tier_1_dense_grid,0.01,subcritical,23,973,94.7841,51.1987,False,0.0837,2.75e-05,PASS
dense_grid_hbar_lam_0.010_s24,hbar,split_b_recursion_depth,transformer_2l,tier_1_dense_grid,0.01,subcritical,24,1015,93.8829,52.1441,False,0.082,2.75e-05,PASS
dense_grid_hbar_lam_0.010_s25,hbar,split_b_recursion_depth,transformer_2l,tier_1_dense_grid,0.01,subcritical,25,1057,94.9917,96.9533,True,0.0781,2.75e-05,PASS
dense_grid_hbar_lam_0.010_s26,hbar,split_b_recursion_depth,transformer_2l,tier_1_dense_grid,0.01,subcritical,26,1099,95.2722,56.7243,False,0.0786,2.75e-05,PASS
dense_grid_hbar_lam_0.010_s27,hbar,split_b_recursion_depth,transformer_2l,tier_1_dense_grid,0.01,subcritical,27,1141,94.075,59.4447,False,0.0848,2.75e-05,PASS
dense_grid_hbar_lam_0.010_s28,hbar,split_b_recursion_depth,transformer_2l,tier_1_dense_grid,0.01,subcritical,28,1183,93.509,54.298,False,0.0844,2.75e-05,PASS
dense_grid_hbar_lam_0.010_s29,hbar,split_b_recursion_depth,transformer_2l,tier_1_dense_grid,0.01,subcritical,29,1225,90.5522,42.4157,False,0.0795,2.75e-05,PASS
dense_grid_hbar_lam_0.015_s0,hbar,split_b_recursion_depth,transformer_2l,tier_1_dense_grid,0.015,boundary,0,7,93.8226,49.919,False,0.0566,3.653690892933422e-05,PASS
dense_grid_hbar_lam_0.015_s1,hbar,split_b_recursion_depth,transformer_2l,tier_1_dense_grid,0.015,boundary,1,49,94.8185,86.5911,True,0.066,2.375166399891287e-05,PASS
dense_grid_hbar_lam_0.015_s2,hbar,split_b_recursion_depth,transformer_2l,tier_1_dense_grid,0.015,boundary,2,91,95.263,100.0,True,0.0529,2.344049038660765e-05,PASS
dense_grid_hbar_lam_0.015_s3,hbar,split_b_recursion_depth,transformer_2l,tier_1_dense_grid,0.015,boundary,3,133,92.6113,100.0,True,0.054,3.26350493301727e-05,PASS
dense_grid_hbar_lam_0.015_s4,hbar,split_b_recursion_depth,transformer_2l,tier_1_dense_grid,0.015,boundary,4,175,93.9202,58.1273,False,0.0615,3.975023218213436e-05,PASS
dense_grid_hbar_lam_0.015_s5,hbar,split_b_recursion_depth,transformer_2l,tier_1_dense_grid,0.015,boundary,5,217,91.2141,46.1284,False,0.0656,2.624363162513056e-05,PASS
dense_grid_hbar_lam_0.015_s6,hbar,split_b_recursion_depth,transformer_2l,tier_1_dense_grid,0.015,boundary,6,259,94.6925,70.2299,False,0.0626,2.5755218763385987e-05,PASS
dense_grid_hbar_lam_0.015_s7,hbar,split_b_recursion_depth,transformer_2l,tier_1_dense_grid,0.015,boundary,7,301,92.0081,58.6167,False,0.0577,2.9342456535612677e-05,PASS
dense_grid_hbar_lam_0.015_s8,hbar,split_b_recursion_depth,transformer_2l,tier_1_dense_grid,0.015,boundary,8,343,95.3329,91.1269,True,0.059,2.150030810422561e-05,PASS
dense_grid_hbar_lam_0.015_s9,hbar,split_b_recursion_depth,transformer_2l,tier_1_dense_grid,0.015,boundary,9,385,93.3815,100.0,True,0.0661,1.5681695421150645e-05,PASS
dense_grid_hbar_lam_0.015_s10,hbar,split_b_recursion_depth,transformer_2l,tier_1_dense_grid,0.015,boundary,10,427,92.021,62.3373,False,0.0496,2.0931017947619505e-05,PASS
dense_grid_hbar_lam_0.015_s11,hbar,split_b_recursion_depth,transformer_2l,tier_1_dense_grid,0.015,boundary,11,469,92.7517,98.9136,True,0.0524,3.133755442101738e-05,PASS
dense_grid_hbar_lam_0.015_s12,hbar,split_b_recursion_depth,transformer_2l,tier_1_dense_grid,0.015,boundary,12,511,93.7158,77.0214,False,0.0575,1.9319958358613943e-05,PASS
dense_grid_hbar_lam_0.015_s13,hbar,split_b_recursion_depth,transformer_2l,tier_1_dense_grid,0.015,boundary,13,553,94.1012,100.0,True,0.055,1.1138209472464274e-05,PASS
dense_grid_hbar_lam_0.015_s14,hbar,split_b_recursion_depth,transformer_2l,tier_1_dense_grid,0.015,boundary,14,595,94.2807,100.0,True,0.0563,2.3414858464791156e-05,PASS
dense_grid_hbar_lam_0.015_s15,hbar,split_b_recursion_depth,transformer_2l,tier_1_dense_grid,0.015,boundary,15,637,94.4282,100.0,True,0.053,2.3994348466382988e-05,PASS
dense_grid_hbar_lam_0.015_s16,hbar,split_b_recursion_depth,transformer_2l,tier_1_dense_grid,0.015,boundary,16,679,93.9508,55.833,False,0.0571,3.852790533449242e-05,PASS
dense_grid_hbar_lam_0.015_s17,hbar,split_b_recursion_depth,transformer_2l,tier_1_dense_grid,0.015,boundary,17,721,94.6429,29.9124,False,0.054,2.724118477417261e-05,PASS
dense_grid_hbar_lam_0.015_s18,hbar,split_b_recursion_depth,transformer_2l,tier_1_dense_grid,0.015,boundary,18,763,95.228,78.3433,False,0.0555,3.727587110463291e-05,PASS
dense_grid_hbar_lam_0.015_s19,hbar,split_b_recursion_depth,transformer_2l,tier_1_dense_grid,0.015,boundary,19,805,94.3783,71.4716,False,0.0563,5.303577868432554e-05,PASS
dense_grid_hbar_lam_0.015_s20,hbar,split_b_recursion_depth,transformer_2l,tier_1_dense_grid,0.015,boundary,20,847,91.8682,56.6743,False,0.0534,3.187415192800847e-05,PASS
dense_grid_hbar_lam_0.015_s21,hbar,split_b_recursion_depth,transformer_2l,tier_1_dense_grid,0.015,boundary,21,889,91.5818,100.0,True,0.0538,3.6605645846987326e-05,PASS
dense_grid_hbar_lam_0.015_s22,hbar,split_b_recursion_depth,transformer_2l,tier_1_dense_grid,0.015,boundary,22,931,93.3625,65.9946,False,0.0546,4.341046577609e-05,PASS
dense_grid_hbar_lam_0.015_s23,hbar,split_b_recursion_depth,transformer_2l,tier_1_dense_grid,0.015,boundary,23,973,94.7246,94.947,True,0.0651,2.0922710900254192e-05,PASS
dense_grid_hbar_lam_0.015_s24,hbar,split_b_recursion_depth,transformer_2l,tier_1_dense_grid,0.015,boundary,24,1015,95.6498,27.7246,False,0.0618,4.654272071270638e-05,PASS
dense_grid_hbar_lam_0.015_s25,hbar,split_b_recursion_depth,transformer_2l,tier_1_dense_grid,0.015,boundary,25,1057,94.8753,100.0,True,0.0519,3.62912905376296e-05,PASS
dense_grid_hbar_lam_0.015_s26,hbar,split_b_recursion_depth,transformer_2l,tier_1_dense_grid,0.015,boundary,26,1099,96.3563,66.6446,False,0.0494,2.7259885104935092e-05,PASS
dense_grid_hbar_lam_0.015_s27,hbar,split_b_recursion_depth,transformer_2l,tier_1_dense_grid,0.015,boundary,27,1141,93.9283,77.9356,False,0.0623,3.255718023733629e-05,PASS
dense_grid_hbar_lam_0.015_s28,hbar,split_b_recursion_depth,transformer_2l,tier_1_dense_grid,0.015,boundary,28,1183,95.5244,43.1968,False,0.0547,2.830731283842515e-05,PASS
dense_grid_hbar_lam_0.015_s29,hbar,split_b_recursion_depth,transformer_2l,tier_1_dense_grid,0.015,boundary,29,1225,92.9828,80.9065,True,0.049,1.78063787830454e-05,PASS
dense_grid_hbar_lam_0.018_s0,hbar,split_b_recursion_depth,transformer_2l,tier_1_dense_grid,0.018,boundary,0,7,95.2153,97.6606,True,0.0545,2.5e-05,PASS
dense_grid_hbar_lam_0.018_s1,hbar,split_b_recursion_depth,transformer_2l,tier_1_dense_grid,0.018,boundary,1,49,94.4853,46.2603,False,0.0553,2.5e-05,PASS
dense_grid_hbar_lam_0.018_s2,hbar,split_b_recursion_depth,transformer_2l,tier_1_dense_grid,0.018,boundary,2,91,95.8785,98.034,True,0.0568,2.5e-05,PASS
dense_grid_hbar_lam_0.018_s3,hbar,split_b_recursion_depth,transformer_2l,tier_1_dense_grid,0.018,boundary,3,133,95.2946,37.8498,False,0.051,2.5e-05,PASS
dense_grid_hbar_lam_0.018_s4,hbar,split_b_recursion_depth,transformer_2l,tier_1_dense_grid,0.018,boundary,4,175,92.8275,49.1063,False,0.0556,2.5e-05,PASS
dense_grid_hbar_lam_0.018_s5,hbar,split_b_recursion_depth,transformer_2l,tier_1_dense_grid,0.018,boundary,5,217,91.7156,53.5656,False,0.055,2.5e-05,PASS
dense_grid_hbar_lam_0.018_s6,hbar,split_b_recursion_depth,transformer_2l,tier_1_dense_grid,0.018,boundary,6,259,96.8722,97.3657,True,0.0497,2.5e-05,PASS
dense_grid_hbar_lam_0.018_s7,hbar,split_b_recursion_depth,transformer_2l,tier_1_dense_grid,0.018,boundary,7,301,95.7676,96.7598,True,0.0549,2.5e-05,PASS
dense_grid_hbar_lam_0.018_s8,hbar,split_b_recursion_depth,transformer_2l,tier_1_dense_grid,0.018,boundary,8,343,92.7967,49.499,False,0.0542,2.5e-05,PASS
dense_grid_hbar_lam_0.018_s9,hbar,split_b_recursion_depth,transformer_2l,tier_1_dense_grid,0.018,boundary,9,385,95.3242,44.8248,False,0.0541,2.5e-05,PASS
dense_grid_hbar_lam_0.018_s10,hbar,split_b_recursion_depth,transformer_2l,tier_1_dense_grid,0.018,boundary,10,427,94.0578,39.8342,False,0.0546,2.5e-05,PASS
dense_grid_hbar_lam_0.018_s11,hbar,split_b_recursion_depth,transformer_2l,tier_1_dense_grid,0.018,boundary,11,469,93.614,46.8919,False,0.0533,2.5e-05,PASS
dense_grid_hbar_lam_0.018_s12,hbar,split_b_recursion_depth,transformer_2l,tier_1_dense_grid,0.018,boundary,12,511,95.3627,98.08,True,0.0555,2.5e-05,PASS
dense_grid_hbar_lam_0.018_s13,hbar,split_b_recursion_depth,transformer_2l,tier_1_dense_grid,0.018,boundary,13,553,95.3966,52.3745,False,0.0581,2.5e-05,PASS
dense_grid_hbar_lam_0.018_s14,hbar,split_b_recursion_depth,transformer_2l,tier_1_dense_grid,0.018,boundary,14,595,93.2352,97.7822,True,0.0553,2.5e-05,PASS
dense_grid_hbar_lam_0.018_s15,hbar,split_b_recursion_depth,transformer_2l,tier_1_dense_grid,0.018,boundary,15,637,93.9376,97.4999,True,0.0533,2.5e-05,PASS
dense_grid_hbar_lam_0.018_s16,hbar,split_b_recursion_depth,transformer_2l,tier_1_dense_grid,0.018,boundary,16,679,90.9251,97.4118,True,0.0576,2.5e-05,PASS
dense_grid_hbar_lam_0.018_s17,hbar,split_b_recursion_depth,transformer_2l,tier_1_dense_grid,0.018,boundary,17,721,92.3805,97.6784,True,0.0544,2.5e-05,PASS
dense_grid_hbar_lam_0.018_s18,hbar,split_b_recursion_depth,transformer_2l,tier_1_dense_grid,0.018,boundary,18,763,91.2023,97.2711,True,0.054,2.5e-05,PASS
dense_grid_hbar_lam_0.018_s19,hbar,split_b_recursion_depth,transformer_2l,tier_1_dense_grid,0.018,boundary,19,805,95.5362,98.3314,True,0.0545,2.5e-05,PASS
dense_grid_hbar_lam_0.018_s20,hbar,split_b_recursion_depth,transformer_2l,tier_1_dense_grid,0.018,boundary,20,847,95.4717,97.9289,True,0.0527,2.5e-05,PASS
dense_grid_hbar_lam_0.018_s21,hbar,split_b_recursion_depth,transformer_2l,tier_1_dense_grid,0.018,boundary,21,889,92.4787,49.5835,False,0.0537,2.5e-05,PASS
dense_grid_hbar_lam_0.018_s22,hbar,split_b_recursion_depth,transformer_2l,tier_1_dense_grid,0.018,boundary,22,931,94.7107,42.9695,False,0.0577,2.5e-05,PASS
dense_grid_hbar_lam_0.018_s23,hbar,split_b_recursion_depth,transformer_2l,tier_1_dense_grid,0.018,boundary,23,973,94.033,97.6506,True,0.0548,2.5e-05,PASS
dense_grid_hbar_lam_0.018_s24,hbar,split_b_recursion_depth,transformer_2l,tier_1_dense_grid,0.018,boundary,24,1015,93.1491,39.5208,False,0.0557,2.5e-05,PASS
dense_grid_hbar_lam_0.018_s25,hbar,split_b_recursion_depth,transformer_2l,tier_1_dense_grid,0.018,boundary,25,1057,93.8277,32.6181,False,0.0566,2.5e-05,PASS
dense_grid_hbar_lam_0.018_s26,hbar,split_b_recursion_depth,transformer_2l,tier_1_dense_grid,0.018,boundary,26,1099,93.2572,98.092,True,0.054,2.5e-05,PASS
dense_grid_hbar_lam_0.018_s27,hbar,split_b_recursion_depth,transformer_2l,tier_1_dense_grid,0.018,boundary,27,1141,95.0332,38.2359,False,0.0529,2.5e-05,PASS
dense_grid_hbar_lam_0.018_s28,hbar,split_b_recursion_depth,transformer_2l,tier_1_dense_grid,0.018,boundary,28,1183,91.9821,48.9366,False,0.0527,2.5e-05,PASS
dense_grid_hbar_lam_0.018_s29,hbar,split_b_recursion_depth,transformer_2l,tier_1_dense_grid,0.018,boundary,29,1225,95.2626,45.5064,False,0.0557,2.5e-05,PASS
dense_grid_hbar_lam_0.020_s0,hbar,split_b_recursion_depth,transformer_2l,tier_1_dense_grid,0.02,boundary,0,7,94.7844,100.0,True,0.05,2.4194436333951357e-05,PASS
dense_grid_hbar_lam_0.020_s1,hbar,split_b_recursion_depth,transformer_2l,tier_1_dense_grid,0.02,boundary,1,49,92.7577,41.8337,False,0.0469,3.259875769761588e-05,PASS
dense_grid_hbar_lam_0.020_s2,hbar,split_b_recursion_depth,transformer_2l,tier_1_dense_grid,0.02,boundary,2,91,92.0972,95.3803,True,0.0499,3.119768616900801e-05,PASS
dense_grid_hbar_lam_0.020_s3,hbar,split_b_recursion_depth,transformer_2l,tier_1_dense_grid,0.02,boundary,3,133,91.8471,53.3751,False,0.0515,2.4687071131883145e-05,PASS
dense_grid_hbar_lam_0.020_s4,hbar,split_b_recursion_depth,transformer_2l,tier_1_dense_grid,0.02,boundary,4,175,98.6053,99.422,True,0.0543,2.7384176642359503e-05,PASS
dense_grid_hbar_lam_0.020_s5,hbar,split_b_recursion_depth,transformer_2l,tier_1_dense_grid,0.02,boundary,5,217,90.2231,93.215,True,0.0547,1.933094960381505e-05,PASS
dense_grid_hbar_lam_0.020_s6,hbar,split_b_recursion_depth,transformer_2l,tier_1_dense_grid,0.02,boundary,6,259,92.7882,99.4008,True,0.0562,2.295146657465113e-05,PASS
dense_grid_hbar_lam_0.020_s7,hbar,split_b_recursion_depth,transformer_2l,tier_1_dense_grid,0.02,boundary,7,301,94.9474,29.5881,False,0.0453,1.5857538468457486e-05,PASS
dense_grid_hbar_lam_0.020_s8,hbar,split_b_recursion_depth,transformer_2l,tier_1_dense_grid,0.02,boundary,8,343,93.6539,96.7877,True,0.0559,1.4305369768067546e-05,PASS
dense_grid_hbar_lam_0.020_s9,hbar,split_b_recursion_depth,transformer_2l,tier_1_dense_grid,0.02,boundary,9,385,94.2734,68.5283,False,0.055,2.297297571383676e-05,PASS
dense_grid_hbar_lam_0.020_s10,hbar,split_b_recursion_depth,transformer_2l,tier_1_dense_grid,0.02,boundary,10,427,93.9021,75.5383,False,0.058,1.7631191870313892e-05,PASS
dense_grid_hbar_lam_0.020_s11,hbar,split_b_recursion_depth,transformer_2l,tier_1_dense_grid,0.02,boundary,11,469,95.1338,64.8673,False,0.0542,2.6681017896640568e-05,PASS
dense_grid_hbar_lam_0.020_s12,hbar,split_b_recursion_depth,transformer_2l,tier_1_dense_grid,0.02,boundary,12,511,92.5192,59.1895,False,0.0503,2.2653023171092627e-05,PASS
dense_grid_hbar_lam_0.020_s13,hbar,split_b_recursion_depth,transformer_2l,tier_1_dense_grid,0.02,boundary,13,553,94.7931,100.0,True,0.0489,2.3177881723471395e-05,PASS
dense_grid_hbar_lam_0.020_s14,hbar,split_b_recursion_depth,transformer_2l,tier_1_dense_grid,0.02,boundary,14,595,94.0896,32.3383,False,0.0545,2.514287357078266e-05,PASS
dense_grid_hbar_lam_0.020_s15,hbar,split_b_recursion_depth,transformer_2l,tier_1_dense_grid,0.02,boundary,15,637,92.9797,44.6156,False,0.0518,2.567559470078237e-05,PASS
dense_grid_hbar_lam_0.020_s16,hbar,split_b_recursion_depth,transformer_2l,tier_1_dense_grid,0.02,boundary,16,679,94.4753,96.2562,True,0.048,2.3367648666285408e-05,PASS
dense_grid_hbar_lam_0.020_s17,hbar,split_b_recursion_depth,transformer_2l,tier_1_dense_grid,0.02,boundary,17,721,94.6471,100.0,True,0.0511,2.1206162198469702e-05,PASS
dense_grid_hbar_lam_0.020_s18,hbar,split_b_recursion_depth,transformer_2l,tier_1_dense_grid,0.02,boundary,18,763,93.1824,86.3136,True,0.0437,2.6731007429079377e-05,PASS
dense_grid_hbar_lam_0.020_s19,hbar,split_b_recursion_depth,transformer_2l,tier_1_dense_grid,0.02,boundary,19,805,93.5253,56.2725,False,0.0578,3.806540468668608e-05,PASS
dense_grid_hbar_lam_0.020_s20,hbar,split_b_recursion_depth,transformer_2l,tier_1_dense_grid,0.02,boundary,20,847,93.5755,56.1052,False,0.0617,3.258485036076139e-05,PASS
dense_grid_hbar_lam_0.020_s21,hbar,split_b_recursion_depth,transformer_2l,tier_1_dense_grid,0.02,boundary,21,889,95.1331,51.6284,False,0.057,3.507882562001404e-05,PASS
dense_grid_hbar_lam_0.020_s22,hbar,split_b_recursion_depth,transformer_2l,tier_1_dense_grid,0.02,boundary,22,931,93.4445,70.9684,False,0.048,3.481394158584775e-05,PASS
dense_grid_hbar_lam_0.020_s23,hbar,split_b_recursion_depth,transformer_2l,tier_1_dense_grid,0.02,boundary,23,973,91.9165,100.0,True,0.0506,3.135894441710218e-05,PASS
dense_grid_hbar_lam_0.020_s24,hbar,split_b_recursion_depth,transformer_2l,tier_1_dense_grid,0.02,boundary,24,1015,91.5606,73.5806,False,0.0514,1.921861946752332e-05,PASS
dense_grid_hbar_lam_0.020_s25,hbar,split_b_recursion_depth,transformer_2l,tier_1_dense_grid,0.02,boundary,25,1057,98.2829,100.0,True,0.0465,2.710162535732768e-05,PASS
dense_grid_hbar_lam_0.020_s26,hbar,split_b_recursion_depth,transformer_2l,tier_1_dense_grid,0.02,boundary,26,1099,90.2381,58.544,False,0.0512,2.646830421904465e-05,PASS
dense_grid_hbar_lam_0.020_s27,hbar,split_b_recursion_depth,transformer_2l,tier_1_dense_grid,0.02,boundary,27,1141,93.7883,63.155,False,0.0552,1.9951968666939916e-05,PASS
dense_grid_hbar_lam_0.020_s28,hbar,split_b_recursion_depth,transformer_2l,tier_1_dense_grid,0.02,boundary,28,1183,91.7765,23.0818,False,0.0489,3.0111391292161724e-05,PASS
dense_grid_hbar_lam_0.020_s29,hbar,split_b_recursion_depth,transformer_2l,tier_1_dense_grid,0.02,boundary,29,1225,93.6071,32.308,False,0.0639,2.928061021110672e-05,PASS
dense_grid_hbar_lam_0.022_s0,hbar,split_b_recursion_depth,transformer_2l,tier_1_dense_grid,0.022,boundary,0,7,93.3599,97.9596,True,0.0548,2.6e-05,PASS
dense_grid_hbar_lam_0.022_s1,hbar,split_b_recursion_depth,transformer_2l,tier_1_dense_grid,0.022,boundary,1,49,96.2925,97.4033,True,0.0546,2.6e-05,PASS
dense_grid_hbar_lam_0.022_s2,hbar,split_b_recursion_depth,transformer_2l,tier_1_dense_grid,0.022,boundary,2,91,94.2126,34.8216,False,0.0516,2.6e-05,PASS
dense_grid_hbar_lam_0.022_s3,hbar,split_b_recursion_depth,transformer_2l,tier_1_dense_grid,0.022,boundary,3,133,93.5543,55.2741,False,0.0502,2.6e-05,PASS
dense_grid_hbar_lam_0.022_s4,hbar,split_b_recursion_depth,transformer_2l,tier_1_dense_grid,0.022,boundary,4,175,91.7973,48.9927,False,0.0511,2.6e-05,PASS
dense_grid_hbar_lam_0.022_s5,hbar,split_b_recursion_depth,transformer_2l,tier_1_dense_grid,0.022,boundary,5,217,93.5028,40.1816,False,0.0528,2.6e-05,PASS
dense_grid_hbar_lam_0.022_s6,hbar,split_b_recursion_depth,transformer_2l,tier_1_dense_grid,0.022,boundary,6,259,93.0095,50.5249,False,0.0519,2.6e-05,PASS
dense_grid_hbar_lam_0.022_s7,hbar,split_b_recursion_depth,transformer_2l,tier_1_dense_grid,0.022,boundary,7,301,91.5916,99.0095,True,0.0507,2.6e-05,PASS
dense_grid_hbar_lam_0.022_s8,hbar,split_b_recursion_depth,transformer_2l,tier_1_dense_grid,0.022,boundary,8,343,94.4464,66.9363,False,0.0533,2.6e-05,PASS
dense_grid_hbar_lam_0.022_s9,hbar,split_b_recursion_depth,transformer_2l,tier_1_dense_grid,0.022,boundary,9,385,93.6976,98.2739,True,0.0534,2.6e-05,PASS
dense_grid_hbar_lam_0.022_s10,hbar,split_b_recursion_depth,transformer_2l,tier_1_dense_grid,0.022,boundary,10,427,96.2301,98.2295,True,0.0521,2.6e-05,PASS
dense_grid_hbar_lam_0.022_s11,hbar,split_b_recursion_depth,transformer_2l,tier_1_dense_grid,0.022,boundary,11,469,94.6784,98.447,True,0.0503,2.6e-05,PASS
dense_grid_hbar_lam_0.022_s12,hbar,split_b_recursion_depth,transformer_2l,tier_1_dense_grid,0.022,boundary,12,511,92.2416,47.8725,False,0.0501,2.6e-05,PASS
dense_grid_hbar_lam_0.022_s13,hbar,split_b_recursion_depth,transformer_2l,tier_1_dense_grid,0.022,boundary,13,553,92.0325,98.7951,True,0.0491,2.6e-05,PASS
dense_grid_hbar_lam_0.022_s14,hbar,split_b_recursion_depth,transformer_2l,tier_1_dense_grid,0.022,boundary,14,595,92.2074,58.0187,False,0.0531,2.6e-05,PASS
dense_grid_hbar_lam_0.022_s15,hbar,split_b_recursion_depth,transformer_2l,tier_1_dense_grid,0.022,boundary,15,637,92.3511,60.6743,False,0.0475,2.6e-05,PASS
dense_grid_hbar_lam_0.022_s16,hbar,split_b_recursion_depth,transformer_2l,tier_1_dense_grid,0.022,boundary,16,679,95.5412,42.0768,False,0.0515,2.6e-05,PASS
dense_grid_hbar_lam_0.022_s17,hbar,split_b_recursion_depth,transformer_2l,tier_1_dense_grid,0.022,boundary,17,721,90.7305,97.74,True,0.0525,2.6e-05,PASS
dense_grid_hbar_lam_0.022_s18,hbar,split_b_recursion_depth,transformer_2l,tier_1_dense_grid,0.022,boundary,18,763,92.6726,99.5,True,0.0498,2.6e-05,PASS
dense_grid_hbar_lam_0.022_s19,hbar,split_b_recursion_depth,transformer_2l,tier_1_dense_grid,0.022,boundary,19,805,91.6322,98.1413,True,0.0505,2.6e-05,PASS
dense_grid_hbar_lam_0.022_s20,hbar,split_b_recursion_depth,transformer_2l,tier_1_dense_grid,0.022,boundary,20,847,94.2855,38.1529,False,0.0475,2.6e-05,PASS
dense_grid_hbar_lam_0.022_s21,hbar,split_b_recursion_depth,transformer_2l,tier_1_dense_grid,0.022,boundary,21,889,98.0,97.5119,True,0.052,2.6e-05,PASS
dense_grid_hbar_lam_0.022_s22,hbar,split_b_recursion_depth,transformer_2l,tier_1_dense_grid,0.022,boundary,22,931,93.4212,98.4762,True,0.0542,2.6e-05,PASS
dense_grid_hbar_lam_0.022_s23,hbar,split_b_recursion_depth,transformer_2l,tier_1_dense_grid,0.022,boundary,23,973,92.9666,98.3661,True,0.0513,2.6e-05,PASS
dense_grid_hbar_lam_0.022_s24,hbar,split_b_recursion_depth,transformer_2l,tier_1_dense_grid,0.022,boundary,24,1015,91.7477,46.9562,False,0.0518,2.6e-05,PASS
dense_grid_hbar_lam_0.022_s25,hbar,split_b_recursion_depth,transformer_2l,tier_1_dense_grid,0.022,boundary,25,1057,98.0,50.1159,False,0.0523,2.6e-05,PASS
dense_grid_hbar_lam_0.022_s26,hbar,split_b_recursion_depth,transformer_2l,tier_1_dense_grid,0.022,boundary,26,1099,93.4619,97.2119,True,0.0547,2.6e-05,PASS
dense_grid_hbar_lam_0.022_s27,hbar,split_b_recursion_depth,transformer_2l,tier_1_dense_grid,0.022,boundary,27,1141,95.3863,52.959,False,0.0499,2.6e-05,PASS
dense_grid_hbar_lam_0.022_s28,hbar,split_b_recursion_depth,transformer_2l,tier_1_dense_grid,0.022,boundary,28,1183,95.9684,98.7201,True,0.0487,2.6e-05,PASS
dense_grid_hbar_lam_0.022_s29,hbar,split_b_recursion_depth,transformer_2l,tier_1_dense_grid,0.022,boundary,29,1225,95.4832,97.6339,True,0.0513,2.6e-05,PASS
dense_grid_hbar_lam_0.025_s0,hbar,split_b_recursion_depth,transformer_2l,tier_1_dense_grid,0.025,boundary,0,7,94.8976,67.1318,False,0.0395,2.3578232219106127e-05,PASS
dense_grid_hbar_lam_0.025_s1,hbar,split_b_recursion_depth,transformer_2l,tier_1_dense_grid,0.025,boundary,1,49,93.9384,90.8803,True,0.0452,3.8111517630354935e-05,PASS
dense_grid_hbar_lam_0.025_s2,hbar,split_b_recursion_depth,transformer_2l,tier_1_dense_grid,0.025,boundary,2,91,93.3733,54.4071,False,0.0517,2.5205871463911396e-05,PASS
dense_grid_hbar_lam_0.025_s3,hbar,split_b_recursion_depth,transformer_2l,tier_1_dense_grid,0.025,boundary,3,133,93.776,83.1316,True,0.0429,4.2173518623021127e-05,PASS
dense_grid_hbar_lam_0.025_s4,hbar,split_b_recursion_depth,transformer_2l,tier_1_dense_grid,0.025,boundary,4,175,93.6724,67.8053,False,0.0465,3.358001790696351e-05,PASS
dense_grid_hbar_lam_0.025_s5,hbar,split_b_recursion_depth,transformer_2l,tier_1_dense_grid,0.025,boundary,5,217,95.168,47.8121,False,0.044,1.6883197715604174e-05,PASS
dense_grid_hbar_lam_0.025_s6,hbar,split_b_recursion_depth,transformer_2l,tier_1_dense_grid,0.025,boundary,6,259,95.2245,16.8707,False,0.0421,2.605331956749801e-05,PASS
dense_grid_hbar_lam_0.025_s7,hbar,split_b_recursion_depth,transformer_2l,tier_1_dense_grid,0.025,boundary,7,301,95.7624,60.703,False,0.0411,2.3015021210495205e-05,PASS
dense_grid_hbar_lam_0.025_s8,hbar,split_b_recursion_depth,transformer_2l,tier_1_dense_grid,0.025,boundary,8,343,95.4588,96.0498,True,0.0448,2.5768203161711342e-05,PASS
dense_grid_hbar_lam_0.025_s9,hbar,split_b_recursion_depth,transformer_2l,tier_1_dense_grid,0.025,boundary,9,385,92.5751,100.0,True,0.0396,1.931054005729645e-05,PASS
dense_grid_hbar_lam_0.025_s10,hbar,split_b_recursion_depth,transformer_2l,tier_1_dense_grid,0.025,boundary,10,427,91.5064,46.4292,False,0.0449,2.8254138520502693e-05,PASS
dense_grid_hbar_lam_0.025_s11,hbar,split_b_recursion_depth,transformer_2l,tier_1_dense_grid,0.025,boundary,11,469,94.0291,97.8972,True,0.0352,1.697679001499731e-05,PASS
dense_grid_hbar_lam_0.025_s12,hbar,split_b_recursion_depth,transformer_2l,tier_1_dense_grid,0.025,boundary,12,511,96.0977,80.5728,True,0.0412,3.7991402543529376e-05,PASS
dense_grid_hbar_lam_0.025_s13,hbar,split_b_recursion_depth,transformer_2l,tier_1_dense_grid,0.025,boundary,13,553,91.5434,68.0116,False,0.0495,2.821102733885914e-05,PASS
dense_grid_hbar_lam_0.025_s14,hbar,split_b_recursion_depth,transformer_2l,tier_1_dense_grid,0.025,boundary,14,595,91.9213,87.6696,True,0.0481,2.240821673216942e-05,PASS
dense_grid_hbar_lam_0.025_s15,hbar,split_b_recursion_depth,transformer_2l,tier_1_dense_grid,0.025,boundary,15,637,96.2478,70.7126,False,0.0422,2.106509043533707e-05,PASS
dense_grid_hbar_lam_0.025_s16,hbar,split_b_recursion_depth,transformer_2l,tier_1_dense_grid,0.025,boundary,16,679,94.0874,85.4736,True,0.044,1.8736129171981293e-05,PASS
dense_grid_hbar_lam_0.025_s17,hbar,split_b_recursion_depth,transformer_2l,tier_1_dense_grid,0.025,boundary,17,721,93.7643,87.8468,True,0.0588,2.9247602751480675e-05,PASS
dense_grid_hbar_lam_0.025_s18,hbar,split_b_recursion_depth,transformer_2l,tier_1_dense_grid,0.025,boundary,18,763,93.6608,100.0,True,0.0422,2.791060678235028e-05,PASS
dense_grid_hbar_lam_0.025_s19,hbar,split_b_recursion_depth,transformer_2l,tier_1_dense_grid,0.025,boundary,19,805,93.8128,100.0,True,0.0433,3.771048800480032e-05,PASS
dense_grid_hbar_lam_0.025_s20,hbar,split_b_recursion_depth,transformer_2l,tier_1_dense_grid,0.025,boundary,20,847,96.1639,51.9231,False,0.057,2.287002617573288e-05,PASS
dense_grid_hbar_lam_0.025_s21,hbar,split_b_recursion_depth,transformer_2l,tier_1_dense_grid,0.025,boundary,21,889,95.7285,37.3251,False,0.0477,4.330175562108419e-05,PASS
dense_grid_hbar_lam_0.025_s22,hbar,split_b_recursion_depth,transformer_2l,tier_1_dense_grid,0.025,boundary,22,931,92.736,81.926,True,0.0453,1.749833719974656e-05,PASS
dense_grid_hbar_lam_0.025_s23,hbar,split_b_recursion_depth,transformer_2l,tier_1_dense_grid,0.025,boundary,23,973,95.9162,48.4786,False,0.0476,3.597165321140981e-05,PASS
dense_grid_hbar_lam_0.025_s24,hbar,split_b_recursion_depth,transformer_2l,tier_1_dense_grid,0.025,boundary,24,1015,94.2242,100.0,True,0.0432,2.8798456429401813e-05,PASS
dense_grid_hbar_lam_0.025_s25,hbar,split_b_recursion_depth,transformer_2l,tier_1_dense_grid,0.025,boundary,25,1057,94.4076,69.3137,False,0.0508,2.053774463339293e-05,PASS
dense_grid_hbar_lam_0.025_s26,hbar,split_b_recursion_depth,transformer_2l,tier_1_dense_grid,0.025,boundary,26,1099,94.155,59.2063,False,0.0463,3.240882273589822e-05,PASS
dense_grid_hbar_lam_0.025_s27,hbar,split_b_recursion_depth,transformer_2l,tier_1_dense_grid,0.025,boundary,27,1141,95.3471,100.0,True,0.0426,1.3598057381021292e-05,PASS
dense_grid_hbar_lam_0.025_s28,hbar,split_b_recursion_depth,transformer_2l,tier_1_dense_grid,0.025,boundary,28,1183,94.1736,46.5628,False,0.0472,3.2184061834128105e-05,PASS
dense_grid_hbar_lam_0.025_s29,hbar,split_b_recursion_depth,transformer_2l,tier_1_dense_grid,0.025,boundary,29,1225,94.8842,86.2813,True,0.0436,3.477316595344637e-05,PASS
dense_grid_hbar_lam_0.028_s0,hbar,split_b_recursion_depth,transformer_2l,tier_1_dense_grid,0.028,boundary,0,7,93.3509,38.9352,False,0.0411,2.8e-05,PASS
dense_grid_hbar_lam_0.028_s1,hbar,split_b_recursion_depth,transformer_2l,tier_1_dense_grid,0.028,boundary,1,49,92.9658,97.0639,True,0.0472,2.8e-05,PASS
dense_grid_hbar_lam_0.028_s2,hbar,split_b_recursion_depth,transformer_2l,tier_1_dense_grid,0.028,boundary,2,91,94.4368,97.3812,True,0.0463,2.8e-05,PASS
dense_grid_hbar_lam_0.028_s3,hbar,split_b_recursion_depth,transformer_2l,tier_1_dense_grid,0.028,boundary,3,133,93.9527,53.1442,False,0.0461,2.8e-05,PASS
dense_grid_hbar_lam_0.028_s4,hbar,split_b_recursion_depth,transformer_2l,tier_1_dense_grid,0.028,boundary,4,175,92.2581,98.3445,True,0.0472,2.8e-05,PASS
dense_grid_hbar_lam_0.028_s5,hbar,split_b_recursion_depth,transformer_2l,tier_1_dense_grid,0.028,boundary,5,217,96.4237,98.5904,True,0.0515,2.8e-05,PASS
dense_grid_hbar_lam_0.028_s6,hbar,split_b_recursion_depth,transformer_2l,tier_1_dense_grid,0.028,boundary,6,259,93.4855,96.8056,True,0.0465,2.8e-05,PASS
dense_grid_hbar_lam_0.028_s7,hbar,split_b_recursion_depth,transformer_2l,tier_1_dense_grid,0.028,boundary,7,301,94.2016,97.9508,True,0.0491,2.8e-05,PASS
dense_grid_hbar_lam_0.028_s8,hbar,split_b_recursion_depth,transformer_2l,tier_1_dense_grid,0.028,boundary,8,343,93.9477,37.8479,False,0.0519,2.8e-05,PASS
dense_grid_hbar_lam_0.028_s9,hbar,split_b_recursion_depth,transformer_2l,tier_1_dense_grid,0.028,boundary,9,385,93.6372,46.4941,False,0.0481,2.8e-05,PASS
dense_grid_hbar_lam_0.028_s10,hbar,split_b_recursion_depth,transformer_2l,tier_1_dense_grid,0.028,boundary,10,427,91.8845,61.1152,False,0.0452,2.8e-05,PASS
dense_grid_hbar_lam_0.028_s11,hbar,split_b_recursion_depth,transformer_2l,tier_1_dense_grid,0.028,boundary,11,469,97.5863,32.0,False,0.0476,2.8e-05,PASS
dense_grid_hbar_lam_0.028_s12,hbar,split_b_recursion_depth,transformer_2l,tier_1_dense_grid,0.028,boundary,12,511,95.179,98.2096,True,0.0464,2.8e-05,PASS
dense_grid_hbar_lam_0.028_s13,hbar,split_b_recursion_depth,transformer_2l,tier_1_dense_grid,0.028,boundary,13,553,91.4986,97.3547,True,0.0493,2.8e-05,PASS
dense_grid_hbar_lam_0.028_s14,hbar,split_b_recursion_depth,transformer_2l,tier_1_dense_grid,0.028,boundary,14,595,92.0726,48.3887,False,0.045,2.8e-05,PASS
dense_grid_hbar_lam_0.028_s15,hbar,split_b_recursion_depth,transformer_2l,tier_1_dense_grid,0.028,boundary,15,637,92.687,45.7027,False,0.0494,2.8e-05,PASS
dense_grid_hbar_lam_0.028_s16,hbar,split_b_recursion_depth,transformer_2l,tier_1_dense_grid,0.028,boundary,16,679,94.0003,98.8506,True,0.0492,2.8e-05,PASS
dense_grid_hbar_lam_0.028_s17,hbar,split_b_recursion_depth,transformer_2l,tier_1_dense_grid,0.028,boundary,17,721,91.5037,98.0067,True,0.0458,2.8e-05,PASS
dense_grid_hbar_lam_0.028_s18,hbar,split_b_recursion_depth,transformer_2l,tier_1_dense_grid,0.028,boundary,18,763,94.6397,97.6421,True,0.0504,2.8e-05,PASS
dense_grid_hbar_lam_0.028_s19,hbar,split_b_recursion_depth,transformer_2l,tier_1_dense_grid,0.028,boundary,19,805,94.6094,98.631,True,0.0466,2.8e-05,PASS
dense_grid_hbar_lam_0.028_s20,hbar,split_b_recursion_depth,transformer_2l,tier_1_dense_grid,0.028,boundary,20,847,96.1452,50.3268,False,0.0448,2.8e-05,PASS
dense_grid_hbar_lam_0.028_s21,hbar,split_b_recursion_depth,transformer_2l,tier_1_dense_grid,0.028,boundary,21,889,96.9762,98.6373,True,0.0515,2.8e-05,PASS
dense_grid_hbar_lam_0.028_s22,hbar,split_b_recursion_depth,transformer_2l,tier_1_dense_grid,0.028,boundary,22,931,94.9951,96.8251,True,0.0476,2.8e-05,PASS
dense_grid_hbar_lam_0.028_s23,hbar,split_b_recursion_depth,transformer_2l,tier_1_dense_grid,0.028,boundary,23,973,92.4498,98.3817,True,0.0469,2.8e-05,PASS
dense_grid_hbar_lam_0.028_s24,hbar,split_b_recursion_depth,transformer_2l,tier_1_dense_grid,0.028,boundary,24,1015,95.9848,45.6317,False,0.0489,2.8e-05,PASS
dense_grid_hbar_lam_0.028_s25,hbar,split_b_recursion_depth,transformer_2l,tier_1_dense_grid,0.028,boundary,25,1057,92.5749,50.6884,False,0.0459,2.8e-05,PASS
dense_grid_hbar_lam_0.028_s26,hbar,split_b_recursion_depth,transformer_2l,tier_1_dense_grid,0.028,boundary,26,1099,96.5906,97.4332,True,0.0455,2.8e-05,PASS
dense_grid_hbar_lam_0.028_s27,hbar,split_b_recursion_depth,transformer_2l,tier_1_dense_grid,0.028,boundary,27,1141,93.5674,97.5388,True,0.046,2.8e-05,PASS
dense_grid_hbar_lam_0.028_s28,hbar,split_b_recursion_depth,transformer_2l,tier_1_dense_grid,0.028,boundary,28,1183,95.0189,97.3702,True,0.0459,2.8e-05,PASS
dense_grid_hbar_lam_0.028_s29,hbar,split_b_recursion_depth,transformer_2l,tier_1_dense_grid,0.028,boundary,29,1225,94.3564,96.7353,True,0.0463,2.8e-05,PASS
dense_grid_hbar_lam_0.030_s0,hbar,split_b_recursion_depth,transformer_2l,tier_1_dense_grid,0.03,boundary,0,7,94.6409,33.7279,False,0.0485,1.626072677786439e-05,PASS
dense_grid_hbar_lam_0.030_s1,hbar,split_b_recursion_depth,transformer_2l,tier_1_dense_grid,0.03,boundary,1,49,94.5364,32.9639,False,0.0472,2.2707896924807684e-05,PASS
dense_grid_hbar_lam_0.030_s2,hbar,split_b_recursion_depth,transformer_2l,tier_1_dense_grid,0.03,boundary,2,91,93.8512,87.6223,True,0.0469,1.9107883557482917e-05,PASS
dense_grid_hbar_lam_0.030_s3,hbar,split_b_recursion_depth,transformer_2l,tier_1_dense_grid,0.03,boundary,3,133,91.7144,37.7111,False,0.0543,2.85225899263726e-05,PASS
dense_grid_hbar_lam_0.030_s4,hbar,split_b_recursion_depth,transformer_2l,tier_1_dense_grid,0.03,boundary,4,175,95.1426,90.0873,True,0.0471,4.114711490625327e-05,PASS
dense_grid_hbar_lam_0.030_s5,hbar,split_b_recursion_depth,transformer_2l,tier_1_dense_grid,0.03,boundary,5,217,91.7871,57.6305,False,0.0487,3.267734819573727e-05,PASS
dense_grid_hbar_lam_0.030_s6,hbar,split_b_recursion_depth,transformer_2l,tier_1_dense_grid,0.03,boundary,6,259,94.3141,85.3324,True,0.0455,1.9854972285848523e-05,PASS
dense_grid_hbar_lam_0.030_s7,hbar,split_b_recursion_depth,transformer_2l,tier_1_dense_grid,0.03,boundary,7,301,95.079,65.206,False,0.0466,4.259247768380099e-05,PASS
dense_grid_hbar_lam_0.030_s8,hbar,split_b_recursion_depth,transformer_2l,tier_1_dense_grid,0.03,boundary,8,343,92.1323,56.1793,False,0.0482,2.930368684181972e-05,PASS
dense_grid_hbar_lam_0.030_s9,hbar,split_b_recursion_depth,transformer_2l,tier_1_dense_grid,0.03,boundary,9,385,95.3958,72.0569,False,0.0535,2.4827630242947065e-05,PASS
dense_grid_hbar_lam_0.030_s10,hbar,split_b_recursion_depth,transformer_2l,tier_1_dense_grid,0.03,boundary,10,427,96.0075,100.0,True,0.0514,2.6947735332649397e-05,PASS
dense_grid_hbar_lam_0.030_s11,hbar,split_b_recursion_depth,transformer_2l,tier_1_dense_grid,0.03,boundary,11,469,93.1326,56.2259,False,0.0467,3.4244970363890985e-05,PASS
dense_grid_hbar_lam_0.030_s12,hbar,split_b_recursion_depth,transformer_2l,tier_1_dense_grid,0.03,boundary,12,511,95.992,58.1183,False,0.0459,2.1584417569975564e-05,PASS
dense_grid_hbar_lam_0.030_s13,hbar,split_b_recursion_depth,transformer_2l,tier_1_dense_grid,0.03,boundary,13,553,94.2539,60.2398,False,0.0504,2.553373632355076e-05,PASS
dense_grid_hbar_lam_0.030_s14,hbar,split_b_recursion_depth,transformer_2l,tier_1_dense_grid,0.03,boundary,14,595,95.4409,87.5288,True,0.0496,2.612865523951692e-05,PASS
dense_grid_hbar_lam_0.030_s15,hbar,split_b_recursion_depth,transformer_2l,tier_1_dense_grid,0.03,boundary,15,637,94.2106,74.5726,False,0.0441,2.558001767763919e-05,PASS
dense_grid_hbar_lam_0.030_s16,hbar,split_b_recursion_depth,transformer_2l,tier_1_dense_grid,0.03,boundary,16,679,94.2706,64.7418,False,0.0476,3.14379513864611e-05,PASS
dense_grid_hbar_lam_0.030_s17,hbar,split_b_recursion_depth,transformer_2l,tier_1_dense_grid,0.03,boundary,17,721,96.1954,91.3601,True,0.0544,2.1141712077435983e-05,PASS
dense_grid_hbar_lam_0.030_s18,hbar,split_b_recursion_depth,transformer_2l,tier_1_dense_grid,0.03,boundary,18,763,91.0177,95.1884,True,0.047,1.9014549922853265e-05,PASS
dense_grid_hbar_lam_0.030_s19,hbar,split_b_recursion_depth,transformer_2l,tier_1_dense_grid,0.03,boundary,19,805,94.3168,45.5304,False,0.0515,2.4315077942690056e-05,PASS
dense_grid_hbar_lam_0.030_s20,hbar,split_b_recursion_depth,transformer_2l,tier_1_dense_grid,0.03,boundary,20,847,92.411,100.0,True,0.0469,2.7736833397665545e-05,PASS
dense_grid_hbar_lam_0.030_s21,hbar,split_b_recursion_depth,transformer_2l,tier_1_dense_grid,0.03,boundary,21,889,94.9163,89.2491,True,0.0461,2.3624292655787e-05,PASS
dense_grid_hbar_lam_0.030_s22,hbar,split_b_recursion_depth,transformer_2l,tier_1_dense_grid,0.03,boundary,22,931,92.9591,54.3997,False,0.0554,3.2902458518457256e-05,PASS
dense_grid_hbar_lam_0.030_s23,hbar,split_b_recursion_depth,transformer_2l,tier_1_dense_grid,0.03,boundary,23,973,93.4683,48.8911,False,0.0469,3.070693938396475e-05,PASS
dense_grid_hbar_lam_0.030_s24,hbar,split_b_recursion_depth,transformer_2l,tier_1_dense_grid,0.03,boundary,24,1015,92.4958,79.8309,False,0.0466,3.069240080419393e-05,PASS
dense_grid_hbar_lam_0.030_s25,hbar,split_b_recursion_depth,transformer_2l,tier_1_dense_grid,0.03,boundary,25,1057,97.0381,100.0,True,0.0395,1.8345300166266105e-05,PASS
dense_grid_hbar_lam_0.030_s26,hbar,split_b_recursion_depth,transformer_2l,tier_1_dense_grid,0.03,boundary,26,1099,94.9804,77.1153,False,0.0414,2.3031369132843087e-05,PASS
dense_grid_hbar_lam_0.030_s27,hbar,split_b_recursion_depth,transformer_2l,tier_1_dense_grid,0.03,boundary,27,1141,92.424,78.3243,False,0.0396,1.9108712337045897e-05,PASS
dense_grid_hbar_lam_0.030_s28,hbar,split_b_recursion_depth,transformer_2l,tier_1_dense_grid,0.03,boundary,28,1183,94.6086,100.0,True,0.0465,1.0545437282143222e-05,PASS
dense_grid_hbar_lam_0.030_s29,hbar,split_b_recursion_depth,transformer_2l,tier_1_dense_grid,0.03,boundary,29,1225,96.0617,94.6586,True,0.0474,2.8338913794909663e-05,PASS
dense_grid_hbar_lam_0.050_s0,hbar,split_b_recursion_depth,transformer_2l,tier_1_dense_grid,0.05,supercritical,0,7,93.0068,90.0,True,0.0412,2.7e-05,PASS
dense_grid_hbar_lam_0.050_s1,hbar,split_b_recursion_depth,transformer_2l,tier_1_dense_grid,0.05,supercritical,1,49,91.7885,93.8277,True,0.0429,2.7e-05,PASS
dense_grid_hbar_lam_0.050_s2,hbar,split_b_recursion_depth,transformer_2l,tier_1_dense_grid,0.05,supercritical,2,91,90.9885,94.4339,True,0.0465,2.7e-05,PASS
dense_grid_hbar_lam_0.050_s3,hbar,split_b_recursion_depth,transformer_2l,tier_1_dense_grid,0.05,supercritical,3,133,95.4237,95.4391,True,0.0446,2.7e-05,PASS
dense_grid_hbar_lam_0.050_s4,hbar,split_b_recursion_depth,transformer_2l,tier_1_dense_grid,0.05,supercritical,4,175,95.1804,96.5932,True,0.0423,2.7e-05,PASS
dense_grid_hbar_lam_0.050_s5,hbar,split_b_recursion_depth,transformer_2l,tier_1_dense_grid,0.05,supercritical,5,217,95.2558,95.516,True,0.04,2.7e-05,PASS
dense_grid_hbar_lam_0.050_s6,hbar,split_b_recursion_depth,transformer_2l,tier_1_dense_grid,0.05,supercritical,6,259,94.1703,93.2119,True,0.0423,2.7e-05,PASS
dense_grid_hbar_lam_0.050_s7,hbar,split_b_recursion_depth,transformer_2l,tier_1_dense_grid,0.05,supercritical,7,301,92.8528,97.0489,True,0.0445,2.7e-05,PASS
dense_grid_hbar_lam_0.050_s8,hbar,split_b_recursion_depth,transformer_2l,tier_1_dense_grid,0.05,supercritical,8,343,94.2353,93.8401,True,0.0447,2.7e-05,PASS
dense_grid_hbar_lam_0.050_s9,hbar,split_b_recursion_depth,transformer_2l,tier_1_dense_grid,0.05,supercritical,9,385,92.9327,92.5493,True,0.0429,2.7e-05,PASS
dense_grid_hbar_lam_0.050_s10,hbar,split_b_recursion_depth,transformer_2l,tier_1_dense_grid,0.05,supercritical,10,427,94.3749,95.3412,True,0.043,2.7e-05,PASS
dense_grid_hbar_lam_0.050_s11,hbar,split_b_recursion_depth,transformer_2l,tier_1_dense_grid,0.05,supercritical,11,469,94.3764,93.5003,True,0.0416,2.7e-05,PASS
dense_grid_hbar_lam_0.050_s12,hbar,split_b_recursion_depth,transformer_2l,tier_1_dense_grid,0.05,supercritical,12,511,94.6281,95.6708,True,0.0399,2.7e-05,PASS
dense_grid_hbar_lam_0.050_s13,hbar,split_b_recursion_depth,transformer_2l,tier_1_dense_grid,0.05,supercritical,13,553,93.6753,96.3701,True,0.045,2.7e-05,PASS
dense_grid_hbar_lam_0.050_s14,hbar,split_b_recursion_depth,transformer_2l,tier_1_dense_grid,0.05,supercritical,14,595,92.6046,99.0,True,0.0396,2.7e-05,PASS
dense_grid_hbar_lam_0.050_s15,hbar,split_b_recursion_depth,transformer_2l,tier_1_dense_grid,0.05,supercritical,15,637,92.323,94.6063,True,0.0416,2.7e-05,PASS
dense_grid_hbar_lam_0.050_s16,hbar,split_b_recursion_depth,transformer_2l,tier_1_dense_grid,0.05,supercritical,16,679,95.4383,95.8151,True,0.045,2.7e-05,PASS
dense_grid_hbar_lam_0.050_s17,hbar,split_b_recursion_depth,transformer_2l,tier_1_dense_grid,0.05,supercritical,17,721,95.8518,95.0795,True,0.0423,2.7e-05,PASS
dense_grid_hbar_lam_0.050_s18,hbar,split_b_recursion_depth,transformer_2l,tier_1_dense_grid,0.05,supercritical,18,763,95.8982,95.8802,True,0.0414,2.7e-05,PASS
dense_grid_hbar_lam_0.050_s19,hbar,split_b_recursion_depth,transformer_2l,tier_1_dense_grid,0.05,supercritical,19,805,96.0001,95.8436,True,0.0423,2.7e-05,PASS
dense_grid_hbar_lam_0.050_s20,hbar,split_b_recursion_depth,transformer_2l,tier_1_dense_grid,0.05,supercritical,20,847,93.2531,95.0299,True,0.0446,2.7e-05,PASS
dense_grid_hbar_lam_0.050_s21,hbar,split_b_recursion_depth,transformer_2l,tier_1_dense_grid,0.05,supercritical,21,889,96.2678,93.0001,True,0.0391,2.7e-05,PASS
dense_grid_hbar_lam_0.050_s22,hbar,split_b_recursion_depth,transformer_2l,tier_1_dense_grid,0.05,supercritical,22,931,93.4756,93.5664,True,0.0405,2.7e-05,PASS
dense_grid_hbar_lam_0.050_s23,hbar,split_b_recursion_depth,transformer_2l,tier_1_dense_grid,0.05,supercritical,23,973,91.41,93.6577,True,0.0476,2.7e-05,PASS
dense_grid_hbar_lam_0.050_s24,hbar,split_b_recursion_depth,transformer_2l,tier_1_dense_grid,0.05,supercritical,24,1015,94.3311,90.1473,True,0.0411,2.7e-05,PASS
dense_grid_hbar_lam_0.050_s25,hbar,split_b_recursion_depth,transformer_2l,tier_1_dense_grid,0.05,supercritical,25,1057,93.0564,98.953,True,0.0432,2.7e-05,PASS
dense_grid_hbar_lam_0.050_s26,hbar,split_b_recursion_depth,transformer_2l,tier_1_dense_grid,0.05,supercritical,26,1099,94.6308,91.8394,True,0.0445,2.7e-05,PASS
dense_grid_hbar_lam_0.050_s27,hbar,split_b_recursion_depth,transformer_2l,tier_1_dense_grid,0.05,supercritical,27,1141,94.4956,91.1197,True,0.0425,2.7e-05,PASS
dense_grid_hbar_lam_0.050_s28,hbar,split_b_recursion_depth,transformer_2l,tier_1_dense_grid,0.05,supercritical,28,1183,95.9883,96.3901,True,0.0425,2.7e-05,PASS
dense_grid_hbar_lam_0.050_s29,hbar,split_b_recursion_depth,transformer_2l,tier_1_dense_grid,0.05,supercritical,29,1225,95.5146,96.0876,True,0.0426,2.7e-05,PASS
dense_grid_hbar_lam_0.500_s0,hbar,split_b_recursion_depth,transformer_2l,tier_1_dense_grid,0.5,supercritical,0,7,95.4586,98.7229,True,0.0344,2.6632531649562568e-05,PASS
dense_grid_hbar_lam_0.500_s1,hbar,split_b_recursion_depth,transformer_2l,tier_1_dense_grid,0.5,supercritical,1,49,93.1281,97.9424,True,0.0341,2.7010803831096822e-05,PASS
dense_grid_hbar_lam_0.500_s2,hbar,split_b_recursion_depth,transformer_2l,tier_1_dense_grid,0.5,supercritical,2,91,93.301,98.255,True,0.0411,3.4770167371460706e-05,PASS
dense_grid_hbar_lam_0.500_s3,hbar,split_b_recursion_depth,transformer_2l,tier_1_dense_grid,0.5,supercritical,3,133,95.2403,98.3689,True,0.041,2.4918956157821973e-05,PASS
dense_grid_hbar_lam_0.500_s4,hbar,split_b_recursion_depth,transformer_2l,tier_1_dense_grid,0.5,supercritical,4,175,92.1899,98.2723,True,0.0511,3.6442602527074e-05,PASS
dense_grid_hbar_lam_0.500_s5,hbar,split_b_recursion_depth,transformer_2l,tier_1_dense_grid,0.5,supercritical,5,217,93.8244,98.4396,True,0.0335,2.351478963138572e-05,PASS
dense_grid_hbar_lam_0.500_s6,hbar,split_b_recursion_depth,transformer_2l,tier_1_dense_grid,0.5,supercritical,6,259,94.9947,98.5983,True,0.0423,3.142633154290877e-05,PASS
dense_grid_hbar_lam_0.500_s7,hbar,split_b_recursion_depth,transformer_2l,tier_1_dense_grid,0.5,supercritical,7,301,94.2255,98.3617,True,0.0414,2.584606361790184e-05,PASS
dense_grid_hbar_lam_0.500_s8,hbar,split_b_recursion_depth,transformer_2l,tier_1_dense_grid,0.5,supercritical,8,343,95.9746,98.6552,True,0.0444,4.208098676950968e-05,PASS
dense_grid_hbar_lam_0.500_s9,hbar,split_b_recursion_depth,transformer_2l,tier_1_dense_grid,0.5,supercritical,9,385,93.6853,98.0364,True,0.044,2.671279718048791e-05,PASS
dense_grid_hbar_lam_0.500_s10,hbar,split_b_recursion_depth,transformer_2l,tier_1_dense_grid,0.5,supercritical,10,427,95.6135,98.0657,True,0.0427,2.172045728497195e-05,PASS
dense_grid_hbar_lam_0.500_s11,hbar,split_b_recursion_depth,transformer_2l,tier_1_dense_grid,0.5,supercritical,11,469,97.6099,98.8891,True,0.0477,1.968854936177989e-05,PASS
dense_grid_hbar_lam_0.500_s12,hbar,split_b_recursion_depth,transformer_2l,tier_1_dense_grid,0.5,supercritical,12,511,92.3318,99.0881,True,0.0336,3.925400904339112e-05,PASS
dense_grid_hbar_lam_0.500_s13,hbar,split_b_recursion_depth,transformer_2l,tier_1_dense_grid,0.5,supercritical,13,553,97.9431,98.2058,True,0.0344,3.22952869645618e-05,PASS
dense_grid_hbar_lam_0.500_s14,hbar,split_b_recursion_depth,transformer_2l,tier_1_dense_grid,0.5,supercritical,14,595,95.163,98.4405,True,0.0374,3.338042445655739e-05,PASS
dense_grid_hbar_lam_0.500_s15,hbar,split_b_recursion_depth,transformer_2l,tier_1_dense_grid,0.5,supercritical,15,637,92.2562,98.2536,True,0.0514,2.502178250454329e-05,PASS
dense_grid_hbar_lam_0.500_s16,hbar,split_b_recursion_depth,transformer_2l,tier_1_dense_grid,0.5,supercritical,16,679,93.6247,98.8682,True,0.0357,3.4117012340813246e-05,PASS
dense_grid_hbar_lam_0.500_s17,hbar,split_b_recursion_depth,transformer_2l,tier_1_dense_grid,0.5,supercritical,17,721,92.2604,98.7654,True,0.0365,3.558896049844195e-05,PASS
dense_grid_hbar_lam_0.500_s18,hbar,split_b_recursion_depth,transformer_2l,tier_1_dense_grid,0.5,supercritical,18,763,93.3583,98.5779,True,0.04,4.435820085131206e-05,PASS
dense_grid_hbar_lam_0.500_s19,hbar,split_b_recursion_depth,transformer_2l,tier_1_dense_grid,0.5,supercritical,19,805,92.006,98.4568,True,0.0438,3.701311435296732e-05,PASS
dense_grid_hbar_lam_0.500_s20,hbar,split_b_recursion_depth,transformer_2l,tier_1_dense_grid,0.5,supercritical,20,847,91.9819,98.6501,True,0.0421,1.280390905775002e-05,PASS
dense_grid_hbar_lam_0.500_s21,hbar,split_b_recursion_depth,transformer_2l,tier_1_dense_grid,0.5,supercritical,21,889,92.4654,98.3896,True,0.0378,3.438910348179696e-05,PASS
dense_grid_hbar_lam_0.500_s22,hbar,split_b_recursion_depth,transformer_2l,tier_1_dense_grid,0.5,supercritical,22,931,94.1357,98.3805,True,0.0421,1.4620332228386524e-05,PASS
dense_grid_hbar_lam_0.500_s23,hbar,split_b_recursion_depth,transformer_2l,tier_1_dense_grid,0.5,supercritical,23,973,96.1932,98.6127,True,0.0476,2.8883178365979e-05,PASS
dense_grid_hbar_lam_0.500_s24,hbar,split_b_recursion_depth,transformer_2l,tier_1_dense_grid,0.5,supercritical,24,1015,94.9443,98.3143,True,0.0461,2.5060765268591705e-05,PASS
dense_grid_hbar_lam_0.500_s25,hbar,split_b_recursion_depth,transformer_2l,tier_1_dense_grid,0.5,supercritical,25,1057,93.9484,98.0493,True,0.0441,3.008445950823265e-05,PASS
dense_grid_hbar_lam_0.500_s26,hbar,split_b_recursion_depth,transformer_2l,tier_1_dense_grid,0.5,supercritical,26,1099,93.2165,97.893,True,0.0414,3.079702592523179e-05,PASS
dense_grid_hbar_lam_0.500_s27,hbar,split_b_recursion_depth,transformer_2l,tier_1_dense_grid,0.5,supercritical,27,1141,96.8503,98.8418,True,0.0417,4.383863737820937e-05,PASS
dense_grid_hbar_lam_0.500_s28,hbar,split_b_recursion_depth,transformer_2l,tier_1_dense_grid,0.5,supercritical,28,1183,86.8132,98.4534,True,0.0349,1.227520700485756e-05,PASS
dense_grid_hbar_lam_0.500_s29,hbar,split_b_recursion_depth,transformer_2l,tier_1_dense_grid,0.5,supercritical,29,1225,93.2866,98.3581,True,0.0365,2.168610425704921e-05,PASS
