run_id,benchmark,arch,condition,lambda_val,epsilon_noise,epsilon_crit,seed_idx,global_seed,final_id_acc,final_ood_acc,escaped,status
pairing_noise_eps_0.00_s0,hbar,transformer_2l,pairing_noise_sweep,0.05,0.0,0.5,0,7,93.81,98.88,True,PASS
pairing_noise_eps_0.00_s1,hbar,transformer_2l,pairing_noise_sweep,0.05,0.0,0.5,1,49,93.76,98.72,True,PASS
pairing_noise_eps_0.00_s2,hbar,transformer_2l,pairing_noise_sweep,0.05,0.0,0.5,2,91,94.49,98.12,True,PASS
pairing_noise_eps_0.00_s3,hbar,transformer_2l,pairing_noise_sweep,0.05,0.0,0.5,3,133,92.94,98.47,True,PASS
pairing_noise_eps_0.00_s4,hbar,transformer_2l,pairing_noise_sweep,0.05,0.0,0.5,4,175,93.6,98.01,True,PASS
pairing_noise_eps_0.00_s5,hbar,transformer_2l,pairing_noise_sweep,0.05,0.0,0.5,5,217,94.64,98.28,True,PASS
pairing_noise_eps_0.00_s6,hbar,transformer_2l,pairing_noise_sweep,0.05,0.0,0.5,6,259,93.9,98.88,True,PASS
pairing_noise_eps_0.00_s7,hbar,transformer_2l,pairing_noise_sweep,0.05,0.0,0.5,7,301,93.53,98.26,True,PASS
pairing_noise_eps_0.00_s8,hbar,transformer_2l,pairing_noise_sweep,0.05,0.0,0.5,8,343,93.18,98.53,True,PASS
pairing_noise_eps_0.00_s9,hbar,transformer_2l,pairing_noise_sweep,0.05,0.0,0.5,9,385,93.8,98.24,True,PASS
pairing_noise_eps_0.00_s10,hbar,transformer_2l,pairing_noise_sweep,0.05,0.0,0.5,10,427,94.48,98.15,True,PASS
pairing_noise_eps_0.00_s11,hbar,transformer_2l,pairing_noise_sweep,0.05,0.0,0.5,11,469,95.25,98.45,True,PASS
pairing_noise_eps_0.00_s12,hbar,transformer_2l,pairing_noise_sweep,0.05,0.0,0.5,12,511,93.57,98.53,True,PASS
pairing_noise_eps_0.00_s13,hbar,transformer_2l,pairing_noise_sweep,0.05,0.0,0.5,13,553,94.33,98.69,True,PASS
pairing_noise_eps_0.00_s14,hbar,transformer_2l,pairing_noise_sweep,0.05,0.0,0.5,14,595,95.7,98.49,True,PASS
pairing_noise_eps_0.00_s15,hbar,transformer_2l,pairing_noise_sweep,0.05,0.0,0.5,15,637,94.68,98.1,True,PASS
pairing_noise_eps_0.00_s16,hbar,transformer_2l,pairing_noise_sweep,0.05,0.0,0.5,16,679,93.72,98.13,True,PASS
pairing_noise_eps_0.00_s17,hbar,transformer_2l,pairing_noise_sweep,0.05,0.0,0.5,17,721,93.38,98.29,True,PASS
pairing_noise_eps_0.00_s18,hbar,transformer_2l,pairing_noise_sweep,0.05,0.0,0.5,18,763,96.1,98.6,True,PASS
pairing_noise_eps_0.00_s19,hbar,transformer_2l,pairing_noise_sweep,0.05,0.0,0.5,19,805,92.28,98.05,True,PASS
pairing_noise_eps_0.00_s20,hbar,transformer_2l,pairing_noise_sweep,0.05,0.0,0.5,20,847,93.73,98.33,True,PASS
pairing_noise_eps_0.00_s21,hbar,transformer_2l,pairing_noise_sweep,0.05,0.0,0.5,21,889,94.49,98.34,True,PASS
pairing_noise_eps_0.00_s22,hbar,transformer_2l,pairing_noise_sweep,0.05,0.0,0.5,22,931,93.7,98.37,True,PASS
pairing_noise_eps_0.00_s23,hbar,transformer_2l,pairing_noise_sweep,0.05,0.0,0.5,23,973,94.29,98.19,True,PASS
pairing_noise_eps_0.00_s24,hbar,transformer_2l,pairing_noise_sweep,0.05,0.0,0.5,24,1015,93.45,98.4,True,PASS
pairing_noise_eps_0.00_s25,hbar,transformer_2l,pairing_noise_sweep,0.05,0.0,0.5,25,1057,95.21,98.15,True,PASS
pairing_noise_eps_0.00_s26,hbar,transformer_2l,pairing_noise_sweep,0.05,0.0,0.5,26,1099,93.91,98.5,True,PASS
pairing_noise_eps_0.00_s27,hbar,transformer_2l,pairing_noise_sweep,0.05,0.0,0.5,27,1141,92.78,98.28,True,PASS
pairing_noise_eps_0.00_s28,hbar,transformer_2l,pairing_noise_sweep,0.05,0.0,0.5,28,1183,93.99,98.43,True,PASS
pairing_noise_eps_0.00_s29,hbar,transformer_2l,pairing_noise_sweep,0.05,0.0,0.5,29,1225,93.96,98.5,True,PASS
pairing_noise_eps_0.05_s0,hbar,transformer_2l,pairing_noise_sweep,0.05,0.05,0.5,0,7,94.76,98.02,True,PASS
pairing_noise_eps_0.05_s1,hbar,transformer_2l,pairing_noise_sweep,0.05,0.05,0.5,1,49,93.18,97.88,True,PASS
pairing_noise_eps_0.05_s2,hbar,transformer_2l,pairing_noise_sweep,0.05,0.05,0.5,2,91,94.81,98.21,True,PASS
pairing_noise_eps_0.05_s3,hbar,transformer_2l,pairing_noise_sweep,0.05,0.05,0.5,3,133,92.64,97.55,True,PASS
pairing_noise_eps_0.05_s4,hbar,transformer_2l,pairing_noise_sweep,0.05,0.05,0.5,4,175,93.71,97.33,True,PASS
pairing_noise_eps_0.05_s5,hbar,transformer_2l,pairing_noise_sweep,0.05,0.05,0.5,5,217,94.6,97.97,True,PASS
pairing_noise_eps_0.05_s6,hbar,transformer_2l,pairing_noise_sweep,0.05,0.05,0.5,6,259,94.76,98.43,True,PASS
pairing_noise_eps_0.05_s7,hbar,transformer_2l,pairing_noise_sweep,0.05,0.05,0.5,7,301,94.8,98.49,True,PASS
pairing_noise_eps_0.05_s8,hbar,transformer_2l,pairing_noise_sweep,0.05,0.05,0.5,8,343,94.84,98.01,True,PASS
pairing_noise_eps_0.05_s9,hbar,transformer_2l,pairing_noise_sweep,0.05,0.05,0.5,9,385,94.06,97.92,True,PASS
pairing_noise_eps_0.05_s10,hbar,transformer_2l,pairing_noise_sweep,0.05,0.05,0.5,10,427,95.47,97.95,True,PASS
pairing_noise_eps_0.05_s11,hbar,transformer_2l,pairing_noise_sweep,0.05,0.05,0.5,11,469,93.45,98.24,True,PASS
pairing_noise_eps_0.05_s12,hbar,transformer_2l,pairing_noise_sweep,0.05,0.05,0.5,12,511,95.29,97.96,True,PASS
pairing_noise_eps_0.05_s13,hbar,transformer_2l,pairing_noise_sweep,0.05,0.05,0.5,13,553,95.42,97.78,True,PASS
pairing_noise_eps_0.05_s14,hbar,transformer_2l,pairing_noise_sweep,0.05,0.05,0.5,14,595,94.94,98.02,True,PASS
pairing_noise_eps_0.05_s15,hbar,transformer_2l,pairing_noise_sweep,0.05,0.05,0.5,15,637,94.58,97.73,True,PASS
pairing_noise_eps_0.05_s16,hbar,transformer_2l,pairing_noise_sweep,0.05,0.05,0.5,16,679,94.52,98.57,True,PASS
pairing_noise_eps_0.05_s17,hbar,transformer_2l,pairing_noise_sweep,0.05,0.05,0.5,17,721,93.66,98.45,True,PASS
pairing_noise_eps_0.05_s18,hbar,transformer_2l,pairing_noise_sweep,0.05,0.05,0.5,18,763,94.34,98.12,True,PASS
pairing_noise_eps_0.05_s19,hbar,transformer_2l,pairing_noise_sweep,0.05,0.05,0.5,19,805,93.04,97.69,True,PASS
pairing_noise_eps_0.05_s20,hbar,transformer_2l,pairing_noise_sweep,0.05,0.05,0.5,20,847,95.25,98.25,True,PASS
pairing_noise_eps_0.05_s21,hbar,transformer_2l,pairing_noise_sweep,0.05,0.05,0.5,21,889,93.82,98.35,True,PASS
pairing_noise_eps_0.05_s22,hbar,transformer_2l,pairing_noise_sweep,0.05,0.05,0.5,22,931,96.06,98.32,True,PASS
pairing_noise_eps_0.05_s23,hbar,transformer_2l,pairing_noise_sweep,0.05,0.05,0.5,23,973,93.7,98.02,True,PASS
pairing_noise_eps_0.05_s24,hbar,transformer_2l,pairing_noise_sweep,0.05,0.05,0.5,24,1015,93.34,97.5,True,PASS
pairing_noise_eps_0.05_s25,hbar,transformer_2l,pairing_noise_sweep,0.05,0.05,0.5,25,1057,94.36,98.05,True,PASS
pairing_noise_eps_0.05_s26,hbar,transformer_2l,pairing_noise_sweep,0.05,0.05,0.5,26,1099,93.19,98.21,True,PASS
pairing_noise_eps_0.05_s27,hbar,transformer_2l,pairing_noise_sweep,0.05,0.05,0.5,27,1141,94.24,98.27,True,PASS
pairing_noise_eps_0.05_s28,hbar,transformer_2l,pairing_noise_sweep,0.05,0.05,0.5,28,1183,94.26,97.5,True,PASS
pairing_noise_eps_0.05_s29,hbar,transformer_2l,pairing_noise_sweep,0.05,0.05,0.5,29,1225,95.38,97.9,True,PASS
pairing_noise_eps_0.10_s0,hbar,transformer_2l,pairing_noise_sweep,0.05,0.1,0.5,0,7,93.89,97.47,True,PASS
pairing_noise_eps_0.10_s1,hbar,transformer_2l,pairing_noise_sweep,0.05,0.1,0.5,1,49,94.89,97.15,True,PASS
pairing_noise_eps_0.10_s2,hbar,transformer_2l,pairing_noise_sweep,0.05,0.1,0.5,2,91,93.39,97.05,True,PASS
pairing_noise_eps_0.10_s3,hbar,transformer_2l,pairing_noise_sweep,0.05,0.1,0.5,3,133,93.44,97.92,True,PASS
pairing_noise_eps_0.10_s4,hbar,transformer_2l,pairing_noise_sweep,0.05,0.1,0.5,4,175,94.19,97.59,True,PASS
pairing_noise_eps_0.10_s5,hbar,transformer_2l,pairing_noise_sweep,0.05,0.1,0.5,5,217,94.33,97.67,True,PASS
pairing_noise_eps_0.10_s6,hbar,transformer_2l,pairing_noise_sweep,0.05,0.1,0.5,6,259,95.33,97.57,True,PASS
pairing_noise_eps_0.10_s7,hbar,transformer_2l,pairing_noise_sweep,0.05,0.1,0.5,7,301,93.37,97.22,True,PASS
pairing_noise_eps_0.10_s8,hbar,transformer_2l,pairing_noise_sweep,0.05,0.1,0.5,8,343,93.67,97.3,True,PASS
pairing_noise_eps_0.10_s9,hbar,transformer_2l,pairing_noise_sweep,0.05,0.1,0.5,9,385,92.29,97.65,True,PASS
pairing_noise_eps_0.10_s10,hbar,transformer_2l,pairing_noise_sweep,0.05,0.1,0.5,10,427,94.35,97.95,True,PASS
pairing_noise_eps_0.10_s11,hbar,transformer_2l,pairing_noise_sweep,0.05,0.1,0.5,11,469,95.16,97.86,True,PASS
pairing_noise_eps_0.10_s12,hbar,transformer_2l,pairing_noise_sweep,0.05,0.1,0.5,12,511,95.23,97.83,True,PASS
pairing_noise_eps_0.10_s13,hbar,transformer_2l,pairing_noise_sweep,0.05,0.1,0.5,13,553,94.97,97.52,True,PASS
pairing_noise_eps_0.10_s14,hbar,transformer_2l,pairing_noise_sweep,0.05,0.1,0.5,14,595,93.0,96.54,True,PASS
pairing_noise_eps_0.10_s15,hbar,transformer_2l,pairing_noise_sweep,0.05,0.1,0.5,15,637,94.1,97.77,True,PASS
pairing_noise_eps_0.10_s16,hbar,transformer_2l,pairing_noise_sweep,0.05,0.1,0.5,16,679,92.95,98.89,True,PASS
pairing_noise_eps_0.10_s17,hbar,transformer_2l,pairing_noise_sweep,0.05,0.1,0.5,17,721,93.99,96.93,True,PASS
pairing_noise_eps_0.10_s18,hbar,transformer_2l,pairing_noise_sweep,0.05,0.1,0.5,18,763,93.32,97.74,True,PASS
pairing_noise_eps_0.10_s19,hbar,transformer_2l,pairing_noise_sweep,0.05,0.1,0.5,19,805,93.07,96.83,True,PASS
pairing_noise_eps_0.10_s20,hbar,transformer_2l,pairing_noise_sweep,0.05,0.1,0.5,20,847,93.36,97.71,True,PASS
pairing_noise_eps_0.10_s21,hbar,transformer_2l,pairing_noise_sweep,0.05,0.1,0.5,21,889,94.01,97.92,True,PASS
pairing_noise_eps_0.10_s22,hbar,transformer_2l,pairing_noise_sweep,0.05,0.1,0.5,22,931,94.73,96.77,True,PASS
pairing_noise_eps_0.10_s23,hbar,transformer_2l,pairing_noise_sweep,0.05,0.1,0.5,23,973,95.06,97.23,True,PASS
pairing_noise_eps_0.10_s24,hbar,transformer_2l,pairing_noise_sweep,0.05,0.1,0.5,24,1015,95.26,98.11,True,PASS
pairing_noise_eps_0.10_s25,hbar,transformer_2l,pairing_noise_sweep,0.05,0.1,0.5,25,1057,92.93,97.16,True,PASS
pairing_noise_eps_0.10_s26,hbar,transformer_2l,pairing_noise_sweep,0.05,0.1,0.5,26,1099,93.56,96.81,True,PASS
pairing_noise_eps_0.10_s27,hbar,transformer_2l,pairing_noise_sweep,0.05,0.1,0.5,27,1141,93.52,97.74,True,PASS
pairing_noise_eps_0.10_s28,hbar,transformer_2l,pairing_noise_sweep,0.05,0.1,0.5,28,1183,93.65,96.97,True,PASS
pairing_noise_eps_0.10_s29,hbar,transformer_2l,pairing_noise_sweep,0.05,0.1,0.5,29,1225,94.0,97.93,True,PASS
pairing_noise_eps_0.20_s0,hbar,transformer_2l,pairing_noise_sweep,0.05,0.2,0.5,0,7,93.99,94.37,True,PASS
pairing_noise_eps_0.20_s1,hbar,transformer_2l,pairing_noise_sweep,0.05,0.2,0.5,1,49,95.18,96.23,True,PASS
pairing_noise_eps_0.20_s2,hbar,transformer_2l,pairing_noise_sweep,0.05,0.2,0.5,2,91,93.88,96.84,True,PASS
pairing_noise_eps_0.20_s3,hbar,transformer_2l,pairing_noise_sweep,0.05,0.2,0.5,3,133,94.93,94.98,True,PASS
pairing_noise_eps_0.20_s4,hbar,transformer_2l,pairing_noise_sweep,0.05,0.2,0.5,4,175,92.09,97.3,True,PASS
pairing_noise_eps_0.20_s5,hbar,transformer_2l,pairing_noise_sweep,0.05,0.2,0.5,5,217,95.06,97.36,True,PASS
pairing_noise_eps_0.20_s6,hbar,transformer_2l,pairing_noise_sweep,0.05,0.2,0.5,6,259,95.05,95.46,True,PASS
pairing_noise_eps_0.20_s7,hbar,transformer_2l,pairing_noise_sweep,0.05,0.2,0.5,7,301,94.85,96.39,True,PASS
pairing_noise_eps_0.20_s8,hbar,transformer_2l,pairing_noise_sweep,0.05,0.2,0.5,8,343,93.29,96.85,True,PASS
pairing_noise_eps_0.20_s9,hbar,transformer_2l,pairing_noise_sweep,0.05,0.2,0.5,9,385,95.0,96.65,True,PASS
pairing_noise_eps_0.20_s10,hbar,transformer_2l,pairing_noise_sweep,0.05,0.2,0.5,10,427,94.8,95.5,True,PASS
pairing_noise_eps_0.20_s11,hbar,transformer_2l,pairing_noise_sweep,0.05,0.2,0.5,11,469,93.61,97.81,True,PASS
pairing_noise_eps_0.20_s12,hbar,transformer_2l,pairing_noise_sweep,0.05,0.2,0.5,12,511,92.6,96.65,True,PASS
pairing_noise_eps_0.20_s13,hbar,transformer_2l,pairing_noise_sweep,0.05,0.2,0.5,13,553,94.96,97.91,True,PASS
pairing_noise_eps_0.20_s14,hbar,transformer_2l,pairing_noise_sweep,0.05,0.2,0.5,14,595,94.26,97.81,True,PASS
pairing_noise_eps_0.20_s15,hbar,transformer_2l,pairing_noise_sweep,0.05,0.2,0.5,15,637,94.13,96.88,True,PASS
pairing_noise_eps_0.20_s16,hbar,transformer_2l,pairing_noise_sweep,0.05,0.2,0.5,16,679,93.57,94.12,True,PASS
pairing_noise_eps_0.20_s17,hbar,transformer_2l,pairing_noise_sweep,0.05,0.2,0.5,17,721,92.6,96.33,True,PASS
pairing_noise_eps_0.20_s18,hbar,transformer_2l,pairing_noise_sweep,0.05,0.2,0.5,18,763,94.6,97.1,True,PASS
pairing_noise_eps_0.20_s19,hbar,transformer_2l,pairing_noise_sweep,0.05,0.2,0.5,19,805,93.01,96.86,True,PASS
pairing_noise_eps_0.20_s20,hbar,transformer_2l,pairing_noise_sweep,0.05,0.2,0.5,20,847,94.02,97.76,True,PASS
pairing_noise_eps_0.20_s21,hbar,transformer_2l,pairing_noise_sweep,0.05,0.2,0.5,21,889,95.39,95.43,True,PASS
pairing_noise_eps_0.20_s22,hbar,transformer_2l,pairing_noise_sweep,0.05,0.2,0.5,22,931,94.56,97.16,True,PASS
pairing_noise_eps_0.20_s23,hbar,transformer_2l,pairing_noise_sweep,0.05,0.2,0.5,23,973,94.15,96.38,True,PASS
pairing_noise_eps_0.20_s24,hbar,transformer_2l,pairing_noise_sweep,0.05,0.2,0.5,24,1015,94.89,98.67,True,PASS
pairing_noise_eps_0.20_s25,hbar,transformer_2l,pairing_noise_sweep,0.05,0.2,0.5,25,1057,94.57,94.98,True,PASS
pairing_noise_eps_0.20_s26,hbar,transformer_2l,pairing_noise_sweep,0.05,0.2,0.5,26,1099,93.6,98.02,True,PASS
pairing_noise_eps_0.20_s27,hbar,transformer_2l,pairing_noise_sweep,0.05,0.2,0.5,27,1141,93.58,95.94,True,PASS
pairing_noise_eps_0.20_s28,hbar,transformer_2l,pairing_noise_sweep,0.05,0.2,0.5,28,1183,93.4,96.56,True,PASS
pairing_noise_eps_0.20_s29,hbar,transformer_2l,pairing_noise_sweep,0.05,0.2,0.5,29,1225,94.34,96.49,True,PASS
pairing_noise_eps_0.30_s0,hbar,transformer_2l,pairing_noise_sweep,0.05,0.3,0.5,0,7,94.59,93.09,True,PASS
pairing_noise_eps_0.30_s1,hbar,transformer_2l,pairing_noise_sweep,0.05,0.3,0.5,1,49,93.32,95.08,True,PASS
pairing_noise_eps_0.30_s2,hbar,transformer_2l,pairing_noise_sweep,0.05,0.3,0.5,2,91,95.02,94.2,True,PASS
pairing_noise_eps_0.30_s3,hbar,transformer_2l,pairing_noise_sweep,0.05,0.3,0.5,3,133,94.55,95.73,True,PASS
pairing_noise_eps_0.30_s4,hbar,transformer_2l,pairing_noise_sweep,0.05,0.3,0.5,4,175,95.78,97.14,True,PASS
pairing_noise_eps_0.30_s5,hbar,transformer_2l,pairing_noise_sweep,0.05,0.3,0.5,5,217,94.97,92.52,True,PASS
pairing_noise_eps_0.30_s6,hbar,transformer_2l,pairing_noise_sweep,0.05,0.3,0.5,6,259,93.34,96.44,True,PASS
pairing_noise_eps_0.30_s7,hbar,transformer_2l,pairing_noise_sweep,0.05,0.3,0.5,7,301,94.27,93.77,True,PASS
pairing_noise_eps_0.30_s8,hbar,transformer_2l,pairing_noise_sweep,0.05,0.3,0.5,8,343,93.41,95.59,True,PASS
pairing_noise_eps_0.30_s9,hbar,transformer_2l,pairing_noise_sweep,0.05,0.3,0.5,9,385,96.01,96.28,True,PASS
pairing_noise_eps_0.30_s10,hbar,transformer_2l,pairing_noise_sweep,0.05,0.3,0.5,10,427,94.85,95.6,True,PASS
pairing_noise_eps_0.30_s11,hbar,transformer_2l,pairing_noise_sweep,0.05,0.3,0.5,11,469,94.46,95.94,True,PASS
pairing_noise_eps_0.30_s12,hbar,transformer_2l,pairing_noise_sweep,0.05,0.3,0.5,12,511,93.36,93.05,True,PASS
pairing_noise_eps_0.30_s13,hbar,transformer_2l,pairing_noise_sweep,0.05,0.3,0.5,13,553,92.96,93.76,True,PASS
pairing_noise_eps_0.30_s14,hbar,transformer_2l,pairing_noise_sweep,0.05,0.3,0.5,14,595,95.25,94.85,True,PASS
pairing_noise_eps_0.30_s15,hbar,transformer_2l,pairing_noise_sweep,0.05,0.3,0.5,15,637,94.16,93.96,True,PASS
pairing_noise_eps_0.30_s16,hbar,transformer_2l,pairing_noise_sweep,0.05,0.3,0.5,16,679,92.82,97.6,True,PASS
pairing_noise_eps_0.30_s17,hbar,transformer_2l,pairing_noise_sweep,0.05,0.3,0.5,17,721,94.67,93.86,True,PASS
pairing_noise_eps_0.30_s18,hbar,transformer_2l,pairing_noise_sweep,0.05,0.3,0.5,18,763,92.68,98.04,True,PASS
pairing_noise_eps_0.30_s19,hbar,transformer_2l,pairing_noise_sweep,0.05,0.3,0.5,19,805,95.19,94.84,True,PASS
pairing_noise_eps_0.30_s20,hbar,transformer_2l,pairing_noise_sweep,0.05,0.3,0.5,20,847,94.5,94.27,True,PASS
pairing_noise_eps_0.30_s21,hbar,transformer_2l,pairing_noise_sweep,0.05,0.3,0.5,21,889,93.71,94.4,True,PASS
pairing_noise_eps_0.30_s22,hbar,transformer_2l,pairing_noise_sweep,0.05,0.3,0.5,22,931,93.27,93.9,True,PASS
pairing_noise_eps_0.30_s23,hbar,transformer_2l,pairing_noise_sweep,0.05,0.3,0.5,23,973,93.87,94.0,True,PASS
pairing_noise_eps_0.30_s24,hbar,transformer_2l,pairing_noise_sweep,0.05,0.3,0.5,24,1015,94.53,94.56,True,PASS
pairing_noise_eps_0.30_s25,hbar,transformer_2l,pairing_noise_sweep,0.05,0.3,0.5,25,1057,93.69,95.59,True,PASS
pairing_noise_eps_0.30_s26,hbar,transformer_2l,pairing_noise_sweep,0.05,0.3,0.5,26,1099,94.61,96.8,True,PASS
pairing_noise_eps_0.30_s27,hbar,transformer_2l,pairing_noise_sweep,0.05,0.3,0.5,27,1141,94.1,96.36,True,PASS
pairing_noise_eps_0.30_s28,hbar,transformer_2l,pairing_noise_sweep,0.05,0.3,0.5,28,1183,93.56,96.26,True,PASS
pairing_noise_eps_0.30_s29,hbar,transformer_2l,pairing_noise_sweep,0.05,0.3,0.5,29,1225,92.32,95.23,True,PASS
pairing_noise_eps_0.40_s0,hbar,transformer_2l,pairing_noise_sweep,0.05,0.4,0.5,0,7,93.97,90.17,True,PASS
pairing_noise_eps_0.40_s1,hbar,transformer_2l,pairing_noise_sweep,0.05,0.4,0.5,1,49,94.65,91.67,True,PASS
pairing_noise_eps_0.40_s2,hbar,transformer_2l,pairing_noise_sweep,0.05,0.4,0.5,2,91,95.21,93.41,True,PASS
pairing_noise_eps_0.40_s3,hbar,transformer_2l,pairing_noise_sweep,0.05,0.4,0.5,3,133,95.09,87.61,True,PASS
pairing_noise_eps_0.40_s4,hbar,transformer_2l,pairing_noise_sweep,0.05,0.4,0.5,4,175,94.38,91.08,True,PASS
pairing_noise_eps_0.40_s5,hbar,transformer_2l,pairing_noise_sweep,0.05,0.4,0.5,5,217,94.26,88.94,True,PASS
pairing_noise_eps_0.40_s6,hbar,transformer_2l,pairing_noise_sweep,0.05,0.4,0.5,6,259,95.5,94.49,True,PASS
pairing_noise_eps_0.40_s7,hbar,transformer_2l,pairing_noise_sweep,0.05,0.4,0.5,7,301,95.03,91.45,True,PASS
pairing_noise_eps_0.40_s8,hbar,transformer_2l,pairing_noise_sweep,0.05,0.4,0.5,8,343,94.3,94.64,True,PASS
pairing_noise_eps_0.40_s9,hbar,transformer_2l,pairing_noise_sweep,0.05,0.4,0.5,9,385,94.15,92.99,True,PASS
pairing_noise_eps_0.40_s10,hbar,transformer_2l,pairing_noise_sweep,0.05,0.4,0.5,10,427,93.21,91.64,True,PASS
pairing_noise_eps_0.40_s11,hbar,transformer_2l,pairing_noise_sweep,0.05,0.4,0.5,11,469,93.71,98.45,True,PASS
pairing_noise_eps_0.40_s12,hbar,transformer_2l,pairing_noise_sweep,0.05,0.4,0.5,12,511,93.91,91.19,True,PASS
pairing_noise_eps_0.40_s13,hbar,transformer_2l,pairing_noise_sweep,0.05,0.4,0.5,13,553,93.95,91.28,True,PASS
pairing_noise_eps_0.40_s14,hbar,transformer_2l,pairing_noise_sweep,0.05,0.4,0.5,14,595,93.71,92.6,True,PASS
pairing_noise_eps_0.40_s15,hbar,transformer_2l,pairing_noise_sweep,0.05,0.4,0.5,15,637,94.71,89.65,True,PASS
pairing_noise_eps_0.40_s16,hbar,transformer_2l,pairing_noise_sweep,0.05,0.4,0.5,16,679,93.97,89.15,True,PASS
pairing_noise_eps_0.40_s17,hbar,transformer_2l,pairing_noise_sweep,0.05,0.4,0.5,17,721,94.8,93.34,True,PASS
pairing_noise_eps_0.40_s18,hbar,transformer_2l,pairing_noise_sweep,0.05,0.4,0.5,18,763,94.37,88.91,True,PASS
pairing_noise_eps_0.40_s19,hbar,transformer_2l,pairing_noise_sweep,0.05,0.4,0.5,19,805,93.65,96.02,True,PASS
pairing_noise_eps_0.40_s20,hbar,transformer_2l,pairing_noise_sweep,0.05,0.4,0.5,20,847,95.2,91.56,True,PASS
pairing_noise_eps_0.40_s21,hbar,transformer_2l,pairing_noise_sweep,0.05,0.4,0.5,21,889,95.82,91.46,True,PASS
pairing_noise_eps_0.40_s22,hbar,transformer_2l,pairing_noise_sweep,0.05,0.4,0.5,22,931,93.43,93.93,True,PASS
pairing_noise_eps_0.40_s23,hbar,transformer_2l,pairing_noise_sweep,0.05,0.4,0.5,23,973,94.14,89.15,True,PASS
pairing_noise_eps_0.40_s24,hbar,transformer_2l,pairing_noise_sweep,0.05,0.4,0.5,24,1015,93.01,90.65,True,PASS
pairing_noise_eps_0.40_s25,hbar,transformer_2l,pairing_noise_sweep,0.05,0.4,0.5,25,1057,93.5,95.61,True,PASS
pairing_noise_eps_0.40_s26,hbar,transformer_2l,pairing_noise_sweep,0.05,0.4,0.5,26,1099,93.47,94.87,True,PASS
pairing_noise_eps_0.40_s27,hbar,transformer_2l,pairing_noise_sweep,0.05,0.4,0.5,27,1141,93.73,97.94,True,PASS
pairing_noise_eps_0.40_s28,hbar,transformer_2l,pairing_noise_sweep,0.05,0.4,0.5,28,1183,93.83,92.69,True,PASS
pairing_noise_eps_0.40_s29,hbar,transformer_2l,pairing_noise_sweep,0.05,0.4,0.5,29,1225,94.27,89.98,True,PASS
pairing_noise_eps_0.50_s0,hbar,transformer_2l,pairing_noise_sweep,0.05,0.5,0.5,0,7,93.24,82.67,True,PASS
pairing_noise_eps_0.50_s1,hbar,transformer_2l,pairing_noise_sweep,0.05,0.5,0.5,1,49,94.22,85.71,True,PASS
pairing_noise_eps_0.50_s2,hbar,transformer_2l,pairing_noise_sweep,0.05,0.5,0.5,2,91,93.96,88.63,True,PASS
pairing_noise_eps_0.50_s3,hbar,transformer_2l,pairing_noise_sweep,0.05,0.5,0.5,3,133,93.48,96.19,True,PASS
pairing_noise_eps_0.50_s4,hbar,transformer_2l,pairing_noise_sweep,0.05,0.5,0.5,4,175,94.81,90.23,True,PASS
pairing_noise_eps_0.50_s5,hbar,transformer_2l,pairing_noise_sweep,0.05,0.5,0.5,5,217,94.01,91.49,True,PASS
pairing_noise_eps_0.50_s6,hbar,transformer_2l,pairing_noise_sweep,0.05,0.5,0.5,6,259,94.08,87.49,True,PASS
pairing_noise_eps_0.50_s7,hbar,transformer_2l,pairing_noise_sweep,0.05,0.5,0.5,7,301,94.5,84.69,True,PASS
pairing_noise_eps_0.50_s8,hbar,transformer_2l,pairing_noise_sweep,0.05,0.5,0.5,8,343,93.3,95.37,True,PASS
pairing_noise_eps_0.50_s9,hbar,transformer_2l,pairing_noise_sweep,0.05,0.5,0.5,9,385,94.86,90.65,True,PASS
pairing_noise_eps_0.50_s10,hbar,transformer_2l,pairing_noise_sweep,0.05,0.5,0.5,10,427,93.3,98.53,True,PASS
pairing_noise_eps_0.50_s11,hbar,transformer_2l,pairing_noise_sweep,0.05,0.5,0.5,11,469,94.06,82.97,True,PASS
pairing_noise_eps_0.50_s12,hbar,transformer_2l,pairing_noise_sweep,0.05,0.5,0.5,12,511,94.74,92.85,True,PASS
pairing_noise_eps_0.50_s13,hbar,transformer_2l,pairing_noise_sweep,0.05,0.5,0.5,13,553,95.24,94.09,True,PASS
pairing_noise_eps_0.50_s14,hbar,transformer_2l,pairing_noise_sweep,0.05,0.5,0.5,14,595,94.72,84.33,True,PASS
pairing_noise_eps_0.50_s15,hbar,transformer_2l,pairing_noise_sweep,0.05,0.5,0.5,15,637,93.91,94.63,True,PASS
pairing_noise_eps_0.50_s16,hbar,transformer_2l,pairing_noise_sweep,0.05,0.5,0.5,16,679,94.66,94.75,True,PASS
pairing_noise_eps_0.50_s17,hbar,transformer_2l,pairing_noise_sweep,0.05,0.5,0.5,17,721,95.03,90.0,True,PASS
pairing_noise_eps_0.50_s18,hbar,transformer_2l,pairing_noise_sweep,0.05,0.5,0.5,18,763,93.7,99.31,True,PASS
pairing_noise_eps_0.50_s19,hbar,transformer_2l,pairing_noise_sweep,0.05,0.5,0.5,19,805,92.95,86.12,True,PASS
pairing_noise_eps_0.50_s20,hbar,transformer_2l,pairing_noise_sweep,0.05,0.5,0.5,20,847,94.39,95.06,True,PASS
pairing_noise_eps_0.50_s21,hbar,transformer_2l,pairing_noise_sweep,0.05,0.5,0.5,21,889,93.56,86.33,True,PASS
pairing_noise_eps_0.50_s22,hbar,transformer_2l,pairing_noise_sweep,0.05,0.5,0.5,22,931,93.01,88.59,True,PASS
pairing_noise_eps_0.50_s23,hbar,transformer_2l,pairing_noise_sweep,0.05,0.5,0.5,23,973,94.57,89.92,True,PASS
pairing_noise_eps_0.50_s24,hbar,transformer_2l,pairing_noise_sweep,0.05,0.5,0.5,24,1015,94.12,90.45,True,PASS
pairing_noise_eps_0.50_s25,hbar,transformer_2l,pairing_noise_sweep,0.05,0.5,0.5,25,1057,94.67,82.05,True,PASS
pairing_noise_eps_0.50_s26,hbar,transformer_2l,pairing_noise_sweep,0.05,0.5,0.5,26,1099,94.81,93.03,True,PASS
pairing_noise_eps_0.50_s27,hbar,transformer_2l,pairing_noise_sweep,0.05,0.5,0.5,27,1141,94.21,94.56,True,PASS
pairing_noise_eps_0.50_s28,hbar,transformer_2l,pairing_noise_sweep,0.05,0.5,0.5,28,1183,93.93,91.66,True,PASS
pairing_noise_eps_0.50_s29,hbar,transformer_2l,pairing_noise_sweep,0.05,0.5,0.5,29,1225,92.45,84.98,True,PASS
pairing_noise_eps_0.60_s0,hbar,transformer_2l,pairing_noise_sweep,0.05,0.6,0.5,0,7,95.1,58.47,False,PASS
pairing_noise_eps_0.60_s1,hbar,transformer_2l,pairing_noise_sweep,0.05,0.6,0.5,1,49,95.27,63.19,False,PASS
pairing_noise_eps_0.60_s2,hbar,transformer_2l,pairing_noise_sweep,0.05,0.6,0.5,2,91,94.07,55.3,False,PASS
pairing_noise_eps_0.60_s3,hbar,transformer_2l,pairing_noise_sweep,0.05,0.6,0.5,3,133,93.75,48.36,False,PASS
pairing_noise_eps_0.60_s4,hbar,transformer_2l,pairing_noise_sweep,0.05,0.6,0.5,4,175,93.58,45.74,False,PASS
pairing_noise_eps_0.60_s5,hbar,transformer_2l,pairing_noise_sweep,0.05,0.6,0.5,5,217,94.57,53.45,False,PASS
pairing_noise_eps_0.60_s6,hbar,transformer_2l,pairing_noise_sweep,0.05,0.6,0.5,6,259,94.95,51.27,False,PASS
pairing_noise_eps_0.60_s7,hbar,transformer_2l,pairing_noise_sweep,0.05,0.6,0.5,7,301,94.07,66.44,False,PASS
pairing_noise_eps_0.60_s8,hbar,transformer_2l,pairing_noise_sweep,0.05,0.6,0.5,8,343,95.18,64.17,False,PASS
pairing_noise_eps_0.60_s9,hbar,transformer_2l,pairing_noise_sweep,0.05,0.6,0.5,9,385,95.92,52.41,False,PASS
pairing_noise_eps_0.60_s10,hbar,transformer_2l,pairing_noise_sweep,0.05,0.6,0.5,10,427,94.14,74.6,False,PASS
pairing_noise_eps_0.60_s11,hbar,transformer_2l,pairing_noise_sweep,0.05,0.6,0.5,11,469,94.16,66.82,False,PASS
pairing_noise_eps_0.60_s12,hbar,transformer_2l,pairing_noise_sweep,0.05,0.6,0.5,12,511,93.71,65.27,False,PASS
pairing_noise_eps_0.60_s13,hbar,transformer_2l,pairing_noise_sweep,0.05,0.6,0.5,13,553,93.99,44.68,False,PASS
pairing_noise_eps_0.60_s14,hbar,transformer_2l,pairing_noise_sweep,0.05,0.6,0.5,14,595,93.53,59.26,False,PASS
pairing_noise_eps_0.60_s15,hbar,transformer_2l,pairing_noise_sweep,0.05,0.6,0.5,15,637,94.42,68.47,False,PASS
pairing_noise_eps_0.60_s16,hbar,transformer_2l,pairing_noise_sweep,0.05,0.6,0.5,16,679,93.27,73.85,False,PASS
pairing_noise_eps_0.60_s17,hbar,transformer_2l,pairing_noise_sweep,0.05,0.6,0.5,17,721,92.94,46.19,False,PASS
pairing_noise_eps_0.60_s18,hbar,transformer_2l,pairing_noise_sweep,0.05,0.6,0.5,18,763,94.47,56.03,False,PASS
pairing_noise_eps_0.60_s19,hbar,transformer_2l,pairing_noise_sweep,0.05,0.6,0.5,19,805,94.71,52.12,False,PASS
pairing_noise_eps_0.60_s20,hbar,transformer_2l,pairing_noise_sweep,0.05,0.6,0.5,20,847,93.17,64.12,False,PASS
pairing_noise_eps_0.60_s21,hbar,transformer_2l,pairing_noise_sweep,0.05,0.6,0.5,21,889,94.12,56.89,False,PASS
pairing_noise_eps_0.60_s22,hbar,transformer_2l,pairing_noise_sweep,0.05,0.6,0.5,22,931,94.18,62.93,False,PASS
pairing_noise_eps_0.60_s23,hbar,transformer_2l,pairing_noise_sweep,0.05,0.6,0.5,23,973,94.82,68.7,False,PASS
pairing_noise_eps_0.60_s24,hbar,transformer_2l,pairing_noise_sweep,0.05,0.6,0.5,24,1015,93.44,44.83,False,PASS
pairing_noise_eps_0.60_s25,hbar,transformer_2l,pairing_noise_sweep,0.05,0.6,0.5,25,1057,96.09,62.47,False,PASS
pairing_noise_eps_0.60_s26,hbar,transformer_2l,pairing_noise_sweep,0.05,0.6,0.5,26,1099,93.74,62.86,False,PASS
pairing_noise_eps_0.60_s27,hbar,transformer_2l,pairing_noise_sweep,0.05,0.6,0.5,27,1141,95.62,61.85,False,PASS
pairing_noise_eps_0.60_s28,hbar,transformer_2l,pairing_noise_sweep,0.05,0.6,0.5,28,1183,93.24,52.69,False,PASS
pairing_noise_eps_0.60_s29,hbar,transformer_2l,pairing_noise_sweep,0.05,0.6,0.5,29,1225,94.23,58.67,False,PASS
