run_id,benchmark,arch,condition,lambda_val,seed_idx,global_seed,final_id_acc,final_ood_acc,escaped,status
permutation_control_hbar_s0,hbar,transformer_2l,permuted_substitution_pairing,0.05,0,7,93.65,60.65,False,PASS
permutation_control_hbar_s1,hbar,transformer_2l,permuted_substitution_pairing,0.05,1,49,92.65,60.84,False,PASS
permutation_control_hbar_s2,hbar,transformer_2l,permuted_substitution_pairing,0.05,2,91,93.97,58.73,False,PASS
permutation_control_hbar_s3,hbar,transformer_2l,permuted_substitution_pairing,0.05,3,133,96.79,59.64,False,PASS
permutation_control_hbar_s4,hbar,transformer_2l,permuted_substitution_pairing,0.05,4,175,94.27,56.13,False,PASS
permutation_control_hbar_s5,hbar,transformer_2l,permuted_substitution_pairing,0.05,5,217,93.39,58.66,False,PASS
permutation_control_hbar_s6,hbar,transformer_2l,permuted_substitution_pairing,0.05,6,259,92.85,58.27,False,PASS
permutation_control_hbar_s7,hbar,transformer_2l,permuted_substitution_pairing,0.05,7,301,94.86,57.95,False,PASS
permutation_control_hbar_s8,hbar,transformer_2l,permuted_substitution_pairing,0.05,8,343,94.26,62.71,False,PASS
permutation_control_hbar_s9,hbar,transformer_2l,permuted_substitution_pairing,0.05,9,385,91.93,55.39,False,PASS
permutation_control_hbar_s10,hbar,transformer_2l,permuted_substitution_pairing,0.05,10,427,95.99,54.83,False,PASS
permutation_control_hbar_s11,hbar,transformer_2l,permuted_substitution_pairing,0.05,11,469,93.46,56.42,False,PASS
permutation_control_hbar_s12,hbar,transformer_2l,permuted_substitution_pairing,0.05,12,511,93.69,54.4,False,PASS
permutation_control_hbar_s13,hbar,transformer_2l,permuted_substitution_pairing,0.05,13,553,95.7,57.6,False,PASS
permutation_control_hbar_s14,hbar,transformer_2l,permuted_substitution_pairing,0.05,14,595,91.42,57.33,False,PASS
permutation_control_hbar_s15,hbar,transformer_2l,permuted_substitution_pairing,0.05,15,637,94.49,65.21,False,PASS
permutation_control_hbar_s16,hbar,transformer_2l,permuted_substitution_pairing,0.05,16,679,95.14,58.03,False,PASS
permutation_control_hbar_s17,hbar,transformer_2l,permuted_substitution_pairing,0.05,17,721,95.51,63.05,False,PASS
permutation_control_hbar_s18,hbar,transformer_2l,permuted_substitution_pairing,0.05,18,763,95.07,55.73,False,PASS
permutation_control_hbar_s19,hbar,transformer_2l,permuted_substitution_pairing,0.05,19,805,94.32,56.84,False,PASS
permutation_control_hbar_s20,hbar,transformer_2l,permuted_substitution_pairing,0.05,20,847,91.65,55.09,False,PASS
permutation_control_hbar_s21,hbar,transformer_2l,permuted_substitution_pairing,0.05,21,889,91.78,59.4,False,PASS
permutation_control_hbar_s22,hbar,transformer_2l,permuted_substitution_pairing,0.05,22,931,96.22,52.4,False,PASS
permutation_control_hbar_s23,hbar,transformer_2l,permuted_substitution_pairing,0.05,23,973,91.78,52.26,False,PASS
permutation_control_hbar_s24,hbar,transformer_2l,permuted_substitution_pairing,0.05,24,1015,96.34,68.0,False,PASS
permutation_control_hbar_s25,hbar,transformer_2l,permuted_substitution_pairing,0.05,25,1057,93.94,66.53,False,PASS
permutation_control_hbar_s26,hbar,transformer_2l,permuted_substitution_pairing,0.05,26,1099,93.37,57.37,False,PASS
permutation_control_hbar_s27,hbar,transformer_2l,permuted_substitution_pairing,0.05,27,1141,93.87,51.73,False,PASS
permutation_control_hbar_s28,hbar,transformer_2l,permuted_substitution_pairing,0.05,28,1183,93.8,53.94,False,PASS
permutation_control_hbar_s29,hbar,transformer_2l,permuted_substitution_pairing,0.05,29,1225,92.82,56.6,False,PASS
permutation_control_cogs_s0,cogs,transformer_2l,permuted_substitution_pairing,0.05,0,7,91.47,32.13,False,PASS
permutation_control_cogs_s1,cogs,transformer_2l,permuted_substitution_pairing,0.05,1,49,90.89,34.29,False,PASS
permutation_control_cogs_s2,cogs,transformer_2l,permuted_substitution_pairing,0.05,2,91,90.88,34.05,False,PASS
permutation_control_cogs_s3,cogs,transformer_2l,permuted_substitution_pairing,0.05,3,133,90.97,33.33,False,PASS
permutation_control_cogs_s4,cogs,transformer_2l,permuted_substitution_pairing,0.05,4,175,90.32,33.59,False,PASS
permutation_control_cogs_s5,cogs,transformer_2l,permuted_substitution_pairing,0.05,5,217,90.54,27.57,False,PASS
permutation_control_cogs_s6,cogs,transformer_2l,permuted_substitution_pairing,0.05,6,259,91.07,31.66,False,PASS
permutation_control_cogs_s7,cogs,transformer_2l,permuted_substitution_pairing,0.05,7,301,91.72,29.71,False,PASS
permutation_control_cogs_s8,cogs,transformer_2l,permuted_substitution_pairing,0.05,8,343,91.37,33.55,False,PASS
permutation_control_cogs_s9,cogs,transformer_2l,permuted_substitution_pairing,0.05,9,385,91.59,45.79,False,PASS
permutation_control_cogs_s10,cogs,transformer_2l,permuted_substitution_pairing,0.05,10,427,90.15,24.0,False,PASS
permutation_control_cogs_s11,cogs,transformer_2l,permuted_substitution_pairing,0.05,11,469,91.8,35.68,False,PASS
permutation_control_cogs_s12,cogs,transformer_2l,permuted_substitution_pairing,0.05,12,511,92.13,26.71,False,PASS
permutation_control_cogs_s13,cogs,transformer_2l,permuted_substitution_pairing,0.05,13,553,91.5,34.33,False,PASS
permutation_control_cogs_s14,cogs,transformer_2l,permuted_substitution_pairing,0.05,14,595,92.68,36.08,False,PASS
permutation_control_cogs_s15,cogs,transformer_2l,permuted_substitution_pairing,0.05,15,637,91.86,27.67,False,PASS
permutation_control_cogs_s16,cogs,transformer_2l,permuted_substitution_pairing,0.05,16,679,93.93,30.12,False,PASS
permutation_control_cogs_s17,cogs,transformer_2l,permuted_substitution_pairing,0.05,17,721,90.82,34.69,False,PASS
permutation_control_cogs_s18,cogs,transformer_2l,permuted_substitution_pairing,0.05,18,763,90.61,31.2,False,PASS
permutation_control_cogs_s19,cogs,transformer_2l,permuted_substitution_pairing,0.05,19,805,91.31,32.98,False,PASS
permutation_control_cogs_s20,cogs,transformer_2l,permuted_substitution_pairing,0.05,20,847,90.66,29.1,False,PASS
permutation_control_cogs_s21,cogs,transformer_2l,permuted_substitution_pairing,0.05,21,889,91.31,32.92,False,PASS
permutation_control_cogs_s22,cogs,transformer_2l,permuted_substitution_pairing,0.05,22,931,89.65,33.42,False,PASS
permutation_control_cogs_s23,cogs,transformer_2l,permuted_substitution_pairing,0.05,23,973,90.61,29.78,False,PASS
permutation_control_cogs_s24,cogs,transformer_2l,permuted_substitution_pairing,0.05,24,1015,93.19,32.49,False,PASS
permutation_control_cogs_s25,cogs,transformer_2l,permuted_substitution_pairing,0.05,25,1057,92.28,32.06,False,PASS
permutation_control_cogs_s26,cogs,transformer_2l,permuted_substitution_pairing,0.05,26,1099,89.6,26.97,False,PASS
permutation_control_cogs_s27,cogs,transformer_2l,permuted_substitution_pairing,0.05,27,1141,89.5,35.38,False,PASS
permutation_control_cogs_s28,cogs,transformer_2l,permuted_substitution_pairing,0.05,28,1183,92.54,34.02,False,PASS
permutation_control_cogs_s29,cogs,transformer_2l,permuted_substitution_pairing,0.05,29,1225,90.73,31.61,False,PASS
