study_id,id,title,year,overall,peer_reviewed,code_available,n_seeds_value,task_primary,benchmark_family,arch_family,model_scale_category,train_regime_sigma,baseline_regime,id_acc_mean,ood_acc_mean,id_acc_sd,ood_acc_sd,id_ood_gap,lor,cohens_d,gap_se,outlier,interventional,schema_coherence_measured,repr_analysis,relevance_sigma_trap,relevance_alignment,S0,S1_not_high,S2_low_only,S3_peer_reviewed,S4_code,S5_seeds_ge3
S001,P02_0002,Graph Representation Learning via Causal Diffusion for Out-of-Distribution Recommendation,2025,HIGH,TRUE,TRUE,,custom,custom,diffusion,unspecified,not_applicable,,,,,,,,,,False,False,FALSE,other,3,1,True,False,False,True,True,False
S002,P02_0003,SFP: Spurious Feature-Targeted Pruning for Out-of-Distribution Generalization,2024,HIGH,TRUE,FALSE,,custom,custom,,unspecified,not_applicable,other,,0.9342,,,,,,,False,False,FALSE,none,3,1,True,False,False,True,False,False
S003,P02_0004,Research on Causal Robustness Enhancement Methods and Out-of-Distribution Generalization for Deep Classification Models,2026,HIGH,TRUE,FALSE,,ImageNet,custom,cnn_family,small,not_applicable,,,0.662,,,,,,,False,False,FALSE,other,3,2,True,False,False,True,False,False
S004,P02_0005,Robust Neural Information Retrieval: An Adversarial and Out-of-Distribution Perspective,2025,HIGH,TRUE,TRUE,,custom,custom,transformer,unspecified,not_applicable,,,,,,,,,,False,False,FALSE,none,3,2,True,False,False,True,True,False
S005,P02_0007,Feature-granularity-based spurious correlation and causal analysis in CNNs Exploring Feature Granularity to Uncover Spurious Correlations,2024,HIGH,TRUE,FALSE,,ImageNet,custom,cnn_family,unspecified,not_applicable,,,,,,,,,,False,False,FALSE,other,2,1,True,False,False,True,False,False
S006,P02_0011,Beyond Mimicry: Toward Lifelong Adaptability in Imitation Learning,2026,HIGH,TRUE,FALSE,,,custom,,,not_applicable,,,,,,,,,,False,False,FALSE,none,3,2,True,False,False,True,False,False
S007,P02_0016,Don't Blind Your VLA: Aligning Visual Representations for OOD Generalization,2026,UNCLEAR,TRUE,TRUE,128,custom,custom,transformer,unspecified,not_applicable,standard_Adam,,,,,,,,,False,False,FALSE,probing,3,2,True,True,False,True,True,True
S008,P02_0017,Mitigating Dynamic Graph Distribution Shifts via Mixture of Variational Experts,2026,HIGH,TRUE,FALSE,,custom,custom,gnn,unspecified,not_applicable,,0.9875,0.9546,0.0024,0.0024,0.0329,1.323667552942531,13.708333333333352,0.02359715872727053,False,False,FALSE,none,2,1,True,False,False,True,False,False
S009,P02_0018,Human Heterogeneity Invariant Stress Sensing,2025,HIGH,TRUE,FALSE,,custom,custom,other,unspecified,not_applicable,standard_SGD,0.8371,0.75,,,0.0871,0.5381947333899012,,0.05690901422446184,False,False,FALSE,none,3,2,True,False,False,True,False,False
S010,P02_0021,Causality and Independence Enhancement for Biased Node Classification,2023,HIGH,TRUE,FALSE,10,custom,custom,gnn,unspecified,not_applicable,,0.7834,0.7777,,,0.0057,0.03327806193409414,,0.18508569636792577,False,False,FALSE,none,3,2,True,False,False,True,False,True
S011,P02_0023,Environment Agnostic Invariant Risk Minimization for Classification of Sequential Datasets,2021,HIGH,TRUE,FALSE,,custom,custom,,unspecified,not_applicable,,,0.875,,,,,,,False,False,FALSE,none,3,1,True,False,False,True,False,False
S012,P02_0031,Causal Disentangled Recommendation against User Preference Shifts,2023,HIGH,TRUE,FALSE,,custom,custom,mlp,unspecified,not_applicable,other,,,,,,,,,False,False,FALSE,other,2,1,True,False,False,True,False,False
S013,P02_0032,NILMBENCH2026: A Benchmark for Energy Disaggregation,2026,HIGH,TRUE,TRUE,,custom,custom,other,small,not_applicable,,,,,,,,,,False,False,FALSE,none,2,1,True,False,False,True,True,False
S014,P02_0045,,2022,HIGH,TRUE,TRUE,10,custom,custom,rnn_family,unspecified,not_applicable,,0.645,,,,,,,,False,False,FALSE,other,2,1,True,False,False,True,True,True
S015,P02_0055,A.I. Robustness: a Human-Centered Perspective on Technological Challenges and Opportunities,2025,HIGH,TRUE,FALSE,,,custom,,unspecified,not_applicable,,,,,,,,,,False,False,FALSE,none,3,2,True,False,False,True,False,False
S016,P02_0058,A Survey of Model Inversion Attacks: An Interface-Prior Perspective,2026,HIGH,TRUE,FALSE,,,custom,,,not_applicable,,,,,,,,,,False,False,FALSE,none,1,2,True,False,False,True,False,False
S017,P02_0060,AI Alignment: A Contemporary Survey,2025,HIGH,TRUE,FALSE,,,custom,,,not_applicable,,,,,,,,,,False,False,FALSE,none,2,5,True,False,False,True,False,False
S018,P02_0064,Abstraction Alignment: Comparing Model-Learned and Human-Encoded Conceptual Relationships,2025,HIGH,TRUE,FALSE,,custom,custom,transformer,unspecified,not_applicable,,,,,,,,,,False,False,FALSE,other,2,4,True,False,False,True,False,False
S019,P02_0069,Uniformly Distributed Category Prototype-Guided Vision-Language Framework for Long-Tail Recognition,2023,HIGH,TRUE,FALSE,,ImageNet,custom,cnn_family,unspecified,not_applicable,other,,0.709,,,,,,,False,False,FALSE,other,2,1,True,False,False,True,False,False
S020,P02_0071,A Survey of Multilingual Neural Machine Translation,2020,HIGH,TRUE,FALSE,,custom,custom,,unspecified,not_applicable,,,,,,,,,,False,False,FALSE,none,2,1,True,False,False,True,False,False
S021,P02_0072,Contrastive Curriculum Learning for Sequential User Behavior Modeling via Data Augmentation,2021,HIGH,TRUE,FALSE,,custom,custom,,unspecified,not_applicable,,,,,,,,,,False,False,FALSE,none,1,1,True,False,False,True,False,False
S022,P02_0073,Efficient Knowledge Graph Unlearning with Zeroth-order Information,2025,HIGH,TRUE,TRUE,,custom,custom,,unspecified,not_applicable,other,,,,,,,,,False,False,FALSE,none,1,2,True,False,False,True,True,False
S023,P02_0075,Neural Dehydration: Effective Erasure of Black-box Watermarks from DNNs with Limited Data,2024,HIGH,TRUE,TRUE,5,CIFAR10,CIFAR10,,unspecified,not_applicable,,0.914,,,,,,,,False,False,FALSE,none,1,1,True,False,False,True,True,True
S024,P02_0081,Evaluating Out-of-Distribution Robustness of TabPFN on Tabular Data,2025,HIGH,TRUE,FALSE,,custom,custom,transformer,unspecified,not_applicable,other,0.88,0.8,,,0.08,0.6061358035703154,,0.0515363949069005,False,False,FALSE,none,2,2,True,False,False,True,False,False
S025,P02_0082,On the Out-of-Distribution Evaluation of ML-Based End-to-End Communications Systems,2024,HIGH,TRUE,FALSE,,custom,custom,other,unspecified,not_applicable,,,,,,,,,,False,False,FALSE,none,3,1,True,False,False,True,False,False
S026,P02_0087,Evading the Simplicity Bias: Training a Diverse Set of Models Discovers Solutions with Superior OOD Generalization,2022,HIGH,TRUE,,5,PACS,custom,cnn_family,unspecified,not_applicable,standard_SGD,,0.8514,,0.0059,,,,,False,False,FALSE,none,4,2,True,False,False,True,False,True
S027,P02_0088,Compositional Generalization in Emergent Communication via Metropolis-Hastings Naming Game with Transformer Language Models,2026,HIGH,TRUE,FALSE,10,custom,custom,transformer,small,not_applicable,,,,,,,,,,False,False,TRUE,other,4,2,True,False,False,True,False,True
S028,P02_0092,Data Distributional Properties As Inductive Bias for Systematic Generalization,2025,HIGH,TRUE,TRUE,3,custom,custom,other,small,not_applicable,,0.996,0.006,0,0.001,0.99,3.218875824868201,1400.071426749364,0.05758472019555188,False,False,TRUE,other,5,1,True,False,False,True,True,True
S029,P02_0093,Dynamic Multi-Path Learning For Out-of-Distribution Node Classification on Heterophilic Graphs,2026,HIGH,TRUE,FALSE,,custom,custom,gnn,unspecified,not_applicable,other,,0.9804,,,,,,,False,False,FALSE,none,3,1,True,False,False,True,False,False
S030,P02_0096,Out-of-Distribution Generalization on Graphs: A Survey,2025,HIGH,TRUE,FALSE,,custom,custom,gnn,unspecified,not_applicable,,,,,,,,,,False,False,FALSE,none,3,2,True,False,False,True,False,False
S031,P02_0110,Efficient Out-of-Distribution Generalization for Pre-trained GNNs via Prompt Learning,2026,HIGH,TRUE,FALSE,3,custom,custom,gnn,small,not_applicable,,,0.8749,,0.0241,,,,,False,False,FALSE,none,3,1,True,False,False,True,False,True
S032,P02_0116,Complexity Control Facilitates Reasoning-Based Compositional Generalization in Transformers,2026,HIGH,TRUE,FALSE,3,custom,custom,transformer,unspecified,not_applicable,other,,,,,,,,,False,False,FALSE,PCA,5,3,True,False,False,True,False,True
S033,P02_0124,Handling Out-of-Distribution Data: A Survey,2025,HIGH,TRUE,FALSE,,,custom,,unspecified,not_applicable,,,,,,,,,,False,False,FALSE,none,3,2,True,False,False,True,False,False
S034,P02_0126,The Many Faces of Robustness: A Critical Analysis of Out-of-Distribution Generalization,2021,HIGH,TRUE,FALSE,,ImageNet,custom,cnn_family,medium,not_applicable,,,,,,,,,,False,False,FALSE,none,3,2,True,False,False,True,False,False
S035,P02_0128,A System-Level Analysis of Cross-Domain Generalization Failure in Audio Deepfake Detection,2026,HIGH,TRUE,FALSE,,custom,custom,other,unspecified,not_applicable,,,,,,,,,,False,False,FALSE,other,4,2,True,False,False,True,False,False
S036,P02_0136,Defeating Multimodal Information Manipulation By A Web 3.0 Decentralized Identity (DID)-Based Accountability Framework,2025,HIGH,TRUE,FALSE,,,custom,,,not_applicable,,,,,,,,,,False,False,FALSE,none,2,2,True,False,False,True,False,False
S037,P02_0150,Spatial-DiT: Generalizable 3D Visuomotor Policy for Cross-Object Manipulation via Multi-Scale Spatial Fusion,2026,HIGH,TRUE,FALSE,,custom,custom,diffusion,unspecified,not_applicable,,0.95,,,,,,,,False,False,FALSE,clustering,3,1,True,False,False,True,False,False
S038,P02_0151,Leveraging Vision-Language Models for Improving Domain Generalization in Image Classification,2024,HIGH,TRUE,TRUE,1,PACS,custom,vit,medium,not_applicable,standard_Adam,,0.7548,,,,,,,False,False,FALSE,none,3,2,True,False,False,True,True,False
S039,P02_0154,"Roses are Red, Violets are Blue… But Should VQA expect Them To?",2021,HIGH,TRUE,FALSE,,custom,custom,transformer,unspecified,not_applicable,,0.546,0.48,,,0.066,0.2645644853770938,,0.07053254567928198,False,False,FALSE,none,2,1,True,False,False,True,False,False
S040,P02_0179,General Greedy De-Bias Learning,2023,HIGH,TRUE,TRUE,4,MNIST,custom,cnn_family,unspecified,not_applicable,other,,0.68,,,,,,,False,False,FALSE,other,3,1,True,False,False,True,True,True
S041,P02_0200,Handling Dual Skewness in Citywide Crime Prediction Using Personalized Graph Federated Learning,2025,HIGH,TRUE,FALSE,,custom,custom,gnn,unspecified,not_applicable,,0.706,0.3801,,,0.3259,1.3651592688672307,,0.0665723658885577,False,False,FALSE,none,2,2,True,False,False,True,False,False
S042,P02_0238,Three approaches to facilitate invariant neurons and generalization to out-of-distribution orientations and illuminations,2022,HIGH,TRUE,TRUE,,custom,custom,,unspecified,not_applicable,,,,,,,,,,False,False,TRUE,other,4,2,True,False,False,True,True,False
S043,P02_0280,SSGNN: Simple siamese graph neural networks for out-of-distribution generalization,2025,HIGH,TRUE,FALSE,10,custom,custom,gnn,unspecified,not_applicable,other,,0.9207,,,,,,,False,False,FALSE,none,4,1,True,False,False,True,False,True
S044,P02_0290,Boosting Rice Disease Diagnosis: A Systematic Benchmark of Five Deep Convolutional Neural Network Models in Precision Agriculture,2025,HIGH,TRUE,FALSE,,custom,custom,cnn_family,small,not_applicable,,,0.8508,,,,,,,False,False,FALSE,activation_max,2,1,True,False,False,True,False,False
S045,P02_0322,A two-stage co-adversarial perturbation to mitigate out-of-distribution generalization of large-scale graph,2024,HIGH,TRUE,FALSE,10,custom,custom,gnn,unspecified,not_applicable,,,0.7212,,0.0024,,,,,False,False,FALSE,other,3,1,True,False,False,True,False,True
S046,P02_0386,Rethinking Graph Generalization through the Lens of Sharpness-Aware Minimization,2026,HIGH,TRUE,TRUE,3,custom,custom,gnn,unspecified,other_sigma,standard_Adam,,,,,,,,,False,True,FALSE,none,4,2,True,False,False,True,True,True
S047,P02_0410,Invariant Graph Transformer for Out-of-Distribution Generalization,2026,HIGH,TRUE,TRUE,,custom,custom,transformer,unspecified,not_applicable,other,,,,,,,,,False,False,FALSE,other,4,1,True,False,False,True,True,False
S048,P02_0442,Producing plankton classifiers that are robust to dataset shift,2025,HIGH,TRUE,,,custom,custom,vit,unspecified,not_applicable,,,0.83,,,,,,,False,False,FALSE,other,4,1,True,False,False,True,False,False
S049,P02_0493,Coupled data-driven and experience-informed neural networks for prediction of pile base resistance with consideration of data limitation,2026,HIGH,TRUE,FALSE,,custom,custom,mlp,unspecified,not_applicable,,,,,,,,,,False,False,FALSE,none,2,1,True,False,False,True,False,False
S050,P02_0495,MiMu: mitigating multiple shortcut learning behavior of transformers,2025,HIGH,TRUE,TRUE,,MultiNLI,MultiNLI,transformer,medium,not_applicable,standard_Adam,0.832,0.707,,,0.125,0.719010404538444,,0.05890050933565856,False,False,FALSE,attention_patterns,2,1,True,False,False,True,True,False
S051,P02_0497,Measuring and Improving Compositional Generalization in Text-to-SQL via Component Alignment,2022,HIGH,TRUE,TRUE,,custom,custom,transformer,unspecified,not_applicable,other,0.745,,,,,,,,False,False,FALSE,none,4,1,True,False,False,True,True,False
S052,P02_0500,Accurate Classification of Pathological Whole-Slide Images for Out-of-Distribution Generalization,2025,HIGH,TRUE,FALSE,,custom,custom,transformer,unspecified,not_applicable,,,0.959,,,,,,,False,False,FALSE,none,2,2,True,False,False,True,False,False
S053,P02_0503,A Structure-aware Invariant Learning Framework for Node-level Graph OOD Generalization,2025,HIGH,TRUE,FALSE,5,custom,custom,gnn,unspecified,not_applicable,,,,,,,,,,False,False,FALSE,none,3,1,True,False,False,True,False,True
S054,P02_0507,I2CD: An Invertible Causal Framework for Compositional Zero-Shot Learning via Disentangle-Compose-Disentangle,2026,HIGH,TRUE,FALSE,,custom,custom,vit,large,not_applicable,,0.506,0.541,,,-0.035,-0.14036791668639342,,0.07058916347428973,False,False,FALSE,none,4,1,True,False,False,True,False,False
S055,P02_0510,Compositional Generalization for Neural Semantic Parsing via Span-level Supervised Attention,2021,HIGH,TRUE,FALSE,5,CFQ,CFQ,transformer,unspecified,not_applicable,,,0.391,,,,,,,False,False,FALSE,attention_patterns,4,2,True,False,False,True,False,True
S056,P02_0511,PTAN: Principal Token-aware Adjacent Network for Compositional Temporal Grounding,2024,HIGH,TRUE,TRUE,,custom,custom,transformer,unspecified,not_applicable,,,,,,,,,,False,False,FALSE,none,4,1,True,False,False,True,True,False
S057,P02_0514,Towards Domain-Aware Stable Meta Learning for Out-of-Distribution Generalization,2024,HIGH,TRUE,FALSE,,PACS,custom,mlp,unspecified,not_applicable,standard_SGD,,0.83,,,,,,,False,False,FALSE,none,3,2,True,False,False,True,False,False
S058,P02_0542,Bayesian Cross-Modal Alignment Learning for Few-Shot Out-of-Distribution Generalization,2023,UNCLEAR,TRUE,TRUE,3,PACS,custom,vit,unspecified,not_applicable,,,0.9182,,0.009,,,,,False,False,FALSE,other,3,2,True,True,False,True,True,True
S059,P02_0556,Spectral Distribution Alignment for Enhanced Generalization in Regression,2025,HIGH,TRUE,TRUE,3,custom,custom,transformer,unspecified,not_applicable,,,,,,,,,,False,False,FALSE,none,2,1,True,False,False,True,True,True
S060,P02_0576,Improving Group Robustness on Spurious Correlation via Evidential Alignment,2025,HIGH,TRUE,FALSE,,CelebA,CelebA,transformer,unspecified,not_applicable,,0.806,0.745,0.008,0.012,0.061,0.35210491022216717,5.981542121714618,0.05885057348913433,False,False,FALSE,other,3,3,True,False,False,True,False,False
S061,P02_0594,COGS: A Compositional Generalization Challenge Based on Semantic Interpretation,2020,HIGH,TRUE,TRUE,5,COGS,COGS,transformer,medium,not_applicable,standard_Adam,0.99,0.35,,0.06,0.64,2.8162637857424433,,0.21789905919943758,False,False,FALSE,none,3,1,True,False,False,True,True,True
S062,P02_0595,Exploring Compositional Generalization (in COGS/ReCOGS_pos) by Transformers using Restricted Access Sequence Processing (RASP),2025,HIGH,FALSE,,10,COGS,COGS,transformer,unspecified,not_applicable,,,0.13,,0.156,,,,,False,False,FALSE,none,4,1,True,False,False,False,False,True
S063,P02_0596,SLOG: A Structural Generalization Benchmark for Semantic Parsing,2023,HIGH,FALSE,FALSE,,custom,custom,transformer,unspecified,not_applicable,,,0.406,,0.01,,,,,False,False,FALSE,none,4,1,True,False,False,False,False,False
S064,P02_0597,Grounded Graph Decoding Improves Compositional Generalization in Question Answering,2021,HIGH,FALSE,TRUE,,CFQ,CFQ,transformer,small,not_applicable,standard_Adam,,0.986,,,,,,,False,False,FALSE,none,4,1,True,False,False,False,True,False
S065,P02_0598,Towards Understanding the Relationship between In-context Learning and Compositional Generalization,2024,HIGH,FALSE,FALSE,2,SCAN,SCAN,transformer,unspecified,not_applicable,other,,0.712,,0.07,,,,,False,False,FALSE,none,5,1,True,False,False,False,False,False
S066,P02_0599,Compositional Generalization in Semantic Parsing: Pre-training vs. Specialized Architectures,2020,HIGH,FALSE,FALSE,,CFQ,CFQ,transformer,xl,not_applicable,,,0.421,,,,,,,False,False,FALSE,none,5,2,True,False,False,False,False,False
S067,P02_0600,Learning to Substitute Components for Compositional Generalization,2025,HIGH,FALSE,FALSE,,SCAN,SCAN,rnn_family,small,not_applicable,,,0.802,,,,,,,False,False,FALSE,none,4,1,True,False,False,False,False,False
S068,P02_0601,Span-based Semantic Parsing for Compositional Generalization,2020,HIGH,FALSE,FALSE,,GeoQuery,GeoQuery,other,unspecified,not_applicable,,,0.889,,,,,,,False,False,FALSE,other,5,1,True,False,False,False,False,False
S069,P02_0602,Harnessing Dataset Cartography for Improved Compositional Generalization in Transformers,2023,HIGH,FALSE,TRUE,,CFQ,CFQ,transformer,unspecified,not_applicable,,,,,,,,,,False,False,FALSE,none,4,2,True,False,False,False,True,False
S070,P02_0603,Learning to Substitute Spans towards Improving Compositional Generalization,2023,HIGH,FALSE,FALSE,5,SCAN,SCAN,rnn_family,small,not_applicable,,0.824,0.923,,0.002,-0.099,-0.6535380424648999,,0.20789179878003847,False,False,FALSE,none,4,1,True,False,False,False,False,True
S071,P02_0604,On the Compositional Generalization Gap of In-Context Learning,2022,HIGH,FALSE,FALSE,5,CFQ,CFQ,transformer,unspecified,not_applicable,,,0.16,,,,,,,False,False,FALSE,none,4,1,True,False,False,False,False,True
S072,P02_0605,Representational Homomorphism Predicts and Improves Compositional Generalization In Transformer Language Model,2026,UNCLEAR,FALSE,TRUE,5,SCAN,SCAN,transformer,small,not_applicable,,,0.47,,,,,,,False,False,TRUE,other,5,2,True,True,False,False,True,True
S073,P02_0606,Compositional Generalization in Dependency Parsing,2021,HIGH,FALSE,FALSE,,CFQ,CFQ,rnn_family,unspecified,not_applicable,,0.9989,0.7141,0.0001,,0.2848,4.377923915497694,,0.04530562658213658,False,False,FALSE,none,4,1,True,False,False,False,False,False
S074,P02_0607,Revisiting Iterative Back-Translation from the Perspective of Compositional Generalization,2020,HIGH,TRUE,FALSE,,CFQ,CFQ,transformer,unspecified,not_applicable,standard_Adam,,,,,,,,,False,False,FALSE,none,4,1,True,False,False,True,False,False
S075,P02_0608,*-CFQ: Analyzing the Scalability of Machine Learning on a Compositional Task,2020,HIGH,FALSE,FALSE,5,CFQ,CFQ,transformer,unspecified,not_applicable,,0.995,0.564,,,0.431,1.9398125691871952,,0.22399955357098372,False,False,FALSE,none,4,1,True,False,False,False,False,True
S076,P02_0609,Compositional Generalization Requires Compositional Parsers,2022,HIGH,FALSE,FALSE,5,COGS,COGS,neurosymbolic,unspecified,not_applicable,,,0.984,,0.013,,,,,False,False,FALSE,none,5,2,True,False,False,False,False,True
S077,P02_0610,Think before you act: A simple baseline for compositional generalization,2020,HIGH,FALSE,FALSE,,gSCAN,gSCAN,rnn_family,small,not_applicable,,,,,,,,,,False,False,FALSE,none,4,1,True,False,False,False,False,False
S078,P02_0611,How Do In-Context Examples Affect Compositional Generalization?,2023,HIGH,FALSE,FALSE,,custom,custom,transformer,large,not_applicable,,,,,,,,,,False,False,FALSE,none,4,1,True,False,False,False,False,False
S079,P02_0612,Hierarchical Poset Decoding for Compositional Generalization in Language,2020,HIGH,TRUE,,,CFQ,CFQ,other,unspecified,not_applicable,,,0.69,,,,,,,False,False,FALSE,none,4,1,True,False,False,True,False,False
S080,P02_0613,Unlocking Compositional Generalization in Pre-trained Models Using Intermediate Representations,2021,HIGH,FALSE,FALSE,,CFQ,CFQ,transformer,small,not_applicable,,,0.479,,,,,,,False,False,FALSE,none,4,1,True,False,False,False,False,False
S081,P02_0614,Compositional Generalization by Learning Analytical Expressions,2020,HIGH,TRUE,FALSE,,SCAN,SCAN,neurosymbolic,unspecified,not_applicable,,,1.0,,,,,,,False,False,FALSE,other,4,1,True,False,False,True,False,False
S082,P02_0615,Compositional Generalization in Multilingual Semantic Parsing over Wikidata,2021,HIGH,FALSE,,,custom,custom,transformer,small,not_applicable,,,0.383,,,,,,,False,False,FALSE,none,4,1,True,False,False,False,False,False
S083,P02_0616,Data Factors for Better Compositional Generalization,2023,HIGH,FALSE,TRUE,5,SCAN,SCAN,transformer,small,not_applicable,,,0.0414,,0.0471,,,,,False,False,FALSE,none,4,1,True,False,False,False,True,True
S084,P02_0617,Iterative Decoding for Compositional Generalization in Transformers,2021,HIGH,FALSE,FALSE,,PCFG_SET,PCFG_SET,transformer,unspecified,not_applicable,standard_Adam,,,,,,,,,False,False,FALSE,none,4,1,True,False,False,False,False,False
S085,P02_0618,Structural generalization in COGS: Supertagging is (almost) all you need,2023,HIGH,FALSE,TRUE,3,COGS,COGS,neurosymbolic,unspecified,not_applicable,,,0.75,,,,,,,False,False,FALSE,none,4,1,True,False,False,False,True,True
S086,P02_0619,When Can Transformers Ground and Compose: Insights from Compositional Generalization Benchmarks,2022,HIGH,FALSE,FALSE,,custom,custom,transformer,unspecified,not_applicable,,,,,,,,,,False,False,FALSE,probing,4,2,True,False,False,False,False,False
S087,P02_0620,Compositional Generalization for Natural Language Interfaces to Web APIs,2021,HIGH,FALSE,FALSE,5,custom,custom,transformer,unspecified,not_applicable,,,,,,,,,,False,False,FALSE,none,3,1,True,False,False,False,False,True
S088,P02_0621,Revisiting the Compositional Generalization Abilities of Neural Sequence Models,2022,HIGH,FALSE,FALSE,5,SCAN,SCAN,rnn_family,small,not_applicable,,,0.945,,,,,,,False,False,FALSE,other,5,1,True,False,False,False,False,True
S089,P02_0622,Measuring Compositional Generalization: A Comprehensive Method on Realistic Data,2019,HIGH,TRUE,TRUE,5,CFQ,CFQ,transformer,unspecified,not_applicable,standard_Adam,0.985,0.179,,,0.806,3.720361880947893,,0.17985216151050282,False,False,FALSE,none,3,1,True,False,False,True,True,True
S090,P02_0623,Recursive Decoding: A Situated Cognition Approach to Compositional Generation in Grounded Language Understanding,2022,HIGH,FALSE,,3,gSCAN,gSCAN,other,unspecified,not_applicable,,0.9922,0.8442,0.0016,0.0324,0.148,0.0,6.452125421676745,0.21545728114872334,False,False,FALSE,attention_patterns,4,1,True,False,False,False,False,True
S091,P02_0624,Compositional Generalization without Trees using Multiset Tagging and Latent Permutations,2023,HIGH,FALSE,TRUE,5,COGS,COGS,transformer,small,not_applicable,,0.7665,0.4139,0.0167,0.1347,0.3526,1.5365186459306135,3.6738156975020813,0.0607009,False,False,FALSE,none,4,1,True,False,False,False,True,True
S092,P02_0625,Compositional Generalization via Neural-Symbolic Stack Machines,2020,HIGH,TRUE,FALSE,5,SCAN,SCAN,neurosymbolic,unspecified,not_applicable,,,1.0,,,,,,,False,False,FALSE,none,4,1,True,False,False,True,False,True
S093,P02_0626,Compositional Generalization for Primitive Substitutions,2019,HIGH,FALSE,TRUE,,SCAN,SCAN,other,unspecified,not_applicable,,,0.988,,0.014,,,,,False,False,FALSE,attention_patterns,4,1,True,False,False,False,True,False
S094,P02_0627,Uncontrolled Lexical Exposure Leads to Overestimation of Compositional Generalization in Pretrained Models,2022,HIGH,FALSE,FALSE,5,COGS,COGS,transformer,unspecified,not_applicable,standard_Adam,0.998,0.323,,0.06,0.675,2.937243527025838,,0.21007950875799383,False,False,FALSE,none,4,2,True,False,False,False,False,True
S095,P02_0628,A Neuroscience-Inspired Dual-Process Model of Compositional Generalization,2025,HIGH,FALSE,TRUE,4,SCAN,SCAN,neurosymbolic,unspecified,not_applicable,standard_Adam,0.995,0.9935,0.003,0.0041,0.0015,0.0,0.4175536213874949,0.00254018,False,False,FALSE,none,5,2,True,False,False,False,True,True
S096,P02_0629,Compositional generalization in a deep seq2seq model by separating syntax and semantics,2019,HIGH,FALSE,FALSE,5,SCAN,SCAN,rnn_family,unspecified,not_applicable,,,1,,0.0001,,,,,False,False,FALSE,attention_patterns,4,1,True,False,False,False,False,True
S097,P02_0630,Compositional Generalization and Decomposition in Neural Program Synthesis,2022,HIGH,TRUE,FALSE,3,SCAN,SCAN,transformer,unspecified,not_applicable,,,,,,,,,,False,False,FALSE,none,4,2,True,False,False,True,False,True
S098,P02_0631,Learning to Recombine and Resample Data for Compositional Generalization,2020,HIGH,TRUE,FALSE,,SCAN,SCAN,rnn_family,unspecified,not_applicable,,,0.203,,0.035,,,,,False,False,FALSE,none,4,1,True,False,False,True,False,False
S099,P02_0632,Can Transformers Jump Around Right in Natural Language? Assessing Performance Transfer from SCAN,2021,HIGH,FALSE,FALSE,,SCAN,SCAN,transformer,unspecified,not_applicable,,,0.73,,0.01,,,,,False,False,FALSE,attention_patterns,4,1,True,False,False,False,False,False
S100,P02_0633,Learning to Generalize Compositionally by Transferring Across Semantic Parsing Tasks,2021,HIGH,FALSE,,,GeoQuery,GeoQuery,transformer,unspecified,not_applicable,,,0.578,,,,,,,False,False,FALSE,none,4,1,True,False,False,False,False,False
S101,P02_0634,Compositional generalization in semantic parsing with pretrained transformers,2021,HIGH,FALSE,FALSE,,SCAN,SCAN,transformer,small,not_applicable,,,0.65,,,,,,,False,False,FALSE,none,3,1,True,False,False,False,False,False
S102,P02_0635,CNNs found to jump around more skillfully than RNNs: Compositional generalization in seq2seq convolutional networks,2019,HIGH,FALSE,FALSE,5,SCAN,SCAN,cnn_family,unspecified,not_applicable,,0.9992,0.6067,,,0.3925,1.7637628218257313,,0.2188216031382642,False,False,FALSE,none,4,1,True,False,False,False,False,True
S103,P02_0636,SUBS: Subtree Substitution for Compositional Semantic Parsing,2022,HIGH,FALSE,TRUE,,GeoQuery,GeoQuery,transformer,large,not_applicable,,,0.88,,,,,,,False,False,FALSE,none,4,1,True,False,False,False,True,False
S104,P02_0637,On graph-based reentrancy-free semantic parsing,2023,HIGH,TRUE,TRUE,,GeoQuery,GeoQuery,neurosymbolic,unspecified,not_applicable,,1.0,0.749,,,0.251,,,,False,False,FALSE,none,4,1,True,False,False,True,True,False
S105,P02_0638,LAGr: Labeling Aligned Graphs for Improving Systematic Generalization in Semantic Parsing,2021,HIGH,FALSE,FALSE,10,CFQ,CFQ,transformer,unspecified,not_applicable,,0.997,0.395,0.0,0.032,0.602,3.370781672296159,26.60489264214385,0.15555256346328722,False,False,FALSE,none,4,1,True,False,False,False,False,True
S106,P02_0639,ReCOGS: How Incidental Details of a Logical Form Overshadow an Evaluation of Semantic Interpretation,2023,HIGH,FALSE,TRUE,20,COGS,COGS,transformer,small,not_applicable,,,0.834,,,,,,,False,False,FALSE,none,4,2,True,False,False,False,True,True
S107,P02_0640,ReaSCAN: Compositional Reasoning in Language Grounding,2021,HIGH,TRUE,,,gSCAN,gSCAN,gnn,unspecified,not_applicable,,,,,,,,,,False,False,FALSE,none,4,1,True,False,False,True,False,False
S108,P02_0642,Compositional Semantic Parsing with Large Language Models,2022,HIGH,FALSE,,,CFQ,CFQ,transformer,large,not_applicable,,,,,,,,,,False,False,FALSE,none,4,2,True,False,False,False,False,False
S109,P02_0643,A Benchmark for Systematic Generalization in Grounded Language Understanding,2020,HIGH,TRUE,TRUE,3,gSCAN,gSCAN,rnn_family,unspecified,not_applicable,standard_Adam,0.9769,0.3502,0.0022,0.0235,0.6267,2.227598115817349,37.5501789606094,0.0136271,False,False,FALSE,attention_patterns,3,1,True,False,False,True,True,True
S110,P02_0647,Compositional generalization through meta sequence-to-sequence learning,2019,HIGH,TRUE,,5,SCAN,SCAN,rnn_family,unspecified,not_applicable,,,0.9871,,0.0149,,,,,False,False,FALSE,none,4,1,True,False,False,True,False,True
S111,P02_0648,Inducing Transformer's Compositional Generalization Ability via Auxiliary Sequence Prediction Tasks,2021,HIGH,FALSE,TRUE,5,SCAN,SCAN,transformer,unspecified,not_applicable,,,,,,,,,,False,False,FALSE,other,4,1,True,False,False,False,True,True
S112,P02_0649,Laziness Is a Virtue When It Comes to Compositionality in Neural Semantic Parsing,2023,HIGH,FALSE,,,CFQ,CFQ,transformer,unspecified,not_applicable,,,0.887,,,,,,,False,False,FALSE,none,4,1,True,False,False,False,False,False
S113,P02_0651,Early-Warning Signals of Grokking via Loss-Landscape Geometry,2026,HIGH,FALSE,FALSE,3,SCAN,SCAN,transformer,unspecified,not_applicable,other,,,,,,,,,False,False,FALSE,PCA,3,2,True,False,False,False,False,True
S114,P02_0654,A Compositional Framework for Open-ended Intelligence,2026,HIGH,FALSE,FALSE,,,custom,,,not_applicable,,,,,,,,,,False,False,FALSE,none,4,2,True,False,False,False,False,False
S115,P02_0657,Sequence-Level Mixed Sample Data Augmentation,2020,HIGH,FALSE,,,SCAN,SCAN,rnn_family,small,not_applicable,,,,,,,,,,False,False,FALSE,none,4,1,True,False,False,False,False,False
S116,P02_0667,Does Data Scaling Lead to Visual Compositional Generalization?,2025,HIGH,FALSE,TRUE,,custom,custom,cnn_family,medium,not_applicable,,0.997,0.951,,,0.046,2.327611060289729,,0.02226881227187477,False,False,TRUE,probing,5,1,True,False,False,False,True,False
S117,P02_0668,Towards Robust Out-of-Distribution Generalization Bounds via Sharpness,2024,HIGH,TRUE,,60,WILDS,custom,mlp,unspecified,not_applicable,,,,,,,,,,False,False,FALSE,none,4,1,True,False,False,True,False,True
S118,P02_0669,Aggregation Hides Out-of-Distribution Generalization Failures from Spurious Correlations,2025,HIGH,FALSE,TRUE,,custom,custom,,unspecified,not_applicable,,,,,,,,,,False,False,FALSE,none,4,2,True,False,False,False,True,False
S119,P02_0673,Learning to Think in Physics: Breaking Shortcut Learning in Scientific Diffusion via Representation Alignment,2026,UNCLEAR,FALSE,TRUE,3,custom,custom,diffusion,unspecified,not_applicable,,,,,,,,,,False,False,TRUE,probing,3,1,True,True,False,False,True,True
S120,P02_0678,"Sharp analysis of out-of-distribution error for ""importance-weighted"" estimators in the overparameterized regime",2024,HIGH,FALSE,,10,custom,custom,other,unspecified,not_applicable,,,,,,,,,,False,False,FALSE,none,3,1,True,False,False,False,False,True
S121,P02_0679,Principled Out-of-Distribution Generalization via Simplicity,2025,HIGH,FALSE,FALSE,10,custom,custom,diffusion,unspecified,not_applicable,,,,,,,,,,False,False,FALSE,none,3,2,True,False,False,False,False,True
S122,P02_0688,Using Interventions to Improve Out-of-Distribution Generalization of Text-Matching Recommendation Systems,2022,HIGH,FALSE,,3,custom,custom,transformer,unspecified,not_applicable,,0.7124,0.7889,0.0062,0.0059,-0.0765,-0.4112386896781541,-12.640743487012026,0.00494132,False,False,FALSE,other,3,2,True,False,False,False,False,True
S123,P02_0689,Correct-N-Contrast: A Contrastive Approach for Improving Robustness to Spurious Correlations,2022,HIGH,FALSE,FALSE,,Waterbirds,Waterbirds,,unspecified,not_applicable,,0.909,0.885,0.001,0.003,0.024,0.2608300710159496,10.733126291999,0.0429527647538549,False,False,TRUE,other,3,2,True,False,False,False,False,False
S124,P02_0690,CausPref: Causal Preference Learning for Out-of-Distribution Recommendation,2022,HIGH,TRUE,TRUE,10,custom,custom,mlp,unspecified,not_applicable,,,,,,,,,,False,False,FALSE,none,3,1,True,False,False,True,True,True
S125,P02_0692,Fishr: Invariant Gradient Variances for Out-of-Distribution Generalization,2021,HIGH,TRUE,TRUE,,ColoredMNIST,ColoredMNIST,mlp,small,not_applicable,standard_Adam,0.97,0.953,0.002,0.004,0.017,0.4666313878911297,5.3758720222862495,0.027182899035974817,False,False,FALSE,other,3,2,True,False,False,True,True,False
S126,P02_0693,Early Period of Training Impacts Adaptation for Out-of-Distribution Generalization: An Empirical Study,2024,HIGH,FALSE,FALSE,6,CIFAR10,CIFAR10,cnn_family,medium,not_applicable,,0.9302,0.7356,0.001,0.0045,0.1946,1.374671888045735,59.700554731879315,0.00188193,False,False,FALSE,none,3,1,True,False,False,False,False,True
S127,P02_0698,Invariance Principle Meets Information Bottleneck for Out-of-Distribution Generalization,2021,HIGH,TRUE,,4,ColoredMNIST,ColoredMNIST,,unspecified,not_applicable,other,,0.719,,0.0078,,,,,False,False,FALSE,none,3,2,True,False,False,True,False,True
S128,P02_0700,What Matters to You? Towards Visual Representation Alignment for Robot Learning,2023,HIGH,FALSE,,,custom,custom,,unspecified,not_applicable,,,,,,,,,,False,False,FALSE,other,3,4,True,False,False,False,False,False
S129,P02_0702,Benign Overfitting in Out-of-Distribution Generalization of Linear Models,2024,HIGH,FALSE,,,,custom,other,unspecified,not_applicable,,,,,,,,,,False,False,FALSE,none,3,1,True,False,False,False,False,False
S130,P02_0703,Can Agents Run Relay Race with Strangers? Generalization of RL to Out-of-Distribution Trajectories,2023,HIGH,TRUE,TRUE,,custom,custom,mlp,unspecified,not_applicable,,0.961,0.184,,,0.777,4.693891360195766,,0.04331547067734576,False,False,FALSE,none,3,2,True,False,False,True,True,False
S131,P02_0705,Diagnosing Generalization Failures from Representational Geometry Markers,2026,HIGH,TRUE,TRUE,,ImageNet,custom,other,unspecified,not_applicable,,,,,,,,,,False,False,TRUE,other,4,2,True,False,False,True,True,False
S132,P02_0708,Making Foresight Actionable: Repurposing Representation Alignment in World Action Models,2026,HIGH,FALSE,,,custom,custom,diffusion,unspecified,not_applicable,,0.8,,,,,,,,False,False,FALSE,attention_patterns,4,3,True,False,False,False,False,False
S133,P02_0712,Low-rank Orthogonal Subspace Intervention for Generalizable Face Forgery Detection,2026,HIGH,FALSE,FALSE,,custom,custom,vit,small,not_applicable,other,0.999,0.94,,,0.059,2.5417695116825434,,0.023958088404545143,False,False,FALSE,PCA,3,2,True,False,False,False,False,False
S134,P02_0717,Incorporating Surrogate Gradient Norm to Improve Offline Optimization Techniques,2025,HIGH,TRUE,TRUE,,custom,custom,,unspecified,not_applicable,,,,,,,,,,False,False,FALSE,none,3,1,True,False,False,True,True,False
S135,P02_0719,Temporal Representation Alignment: Successor Features Enable Emergent Compositionality in Robot Instruction Following,2025,HIGH,FALSE,,10,custom,custom,cnn_family,unspecified,not_applicable,,,,,,,,,,False,False,FALSE,other,4,2,True,False,False,False,False,True
S136,P02_0738,DSL: Understanding and Improving Softmax Recommender Systems with Competition-Aware Scaling,2026,HIGH,FALSE,FALSE,,custom,custom,gnn,unspecified,not_applicable,,,,,,,,,,False,False,FALSE,none,2,1,True,False,False,False,False,False
S137,P02_0740,VLA^2: Empowering Vision-Language-Action Models with an Agentic Framework for Unseen Concept Manipulation,2025,HIGH,FALSE,,,custom,custom,transformer,unspecified,not_applicable,other,0.801,0.762,,,0.039,0.22888024032869553,,0.05837422376357564,False,False,FALSE,none,3,2,True,False,False,False,False,False
S138,P02_0741,Navigating High Dimensional Concept Space with Metalearning,2025,HIGH,TRUE,,5,custom,custom,,unspecified,not_applicable,standard_SGD,,,,,,,,,False,False,FALSE,none,4,1,True,False,False,True,False,True
S139,P02_0753,Evaluating Reward Model Generalization via Pairwise Maximum Discrepancy Competitions,2026,HIGH,FALSE,,5,custom,custom,transformer,large,not_applicable,other,0.599,,,,,,,,False,False,FALSE,none,3,4,True,False,False,False,False,True
S140,P02_0757,FedSoup: Improving Generalization and Personalization in Federated Learning via Selective Model Interpolation,2023,HIGH,FALSE,TRUE,,Camelyon17,Camelyon17,cnn_family,unspecified,not_applicable,,0.892,0.8644,0.0053,0.0112,0.0276,0.2590086563293547,3.15012258882526,0.04621132328769649,False,False,FALSE,none,3,2,True,False,False,False,True,False
S141,P02_0768,Neural Language of Thought Models,2024,HIGH,FALSE,FALSE,,custom,custom,other,small,not_applicable,standard_Adam,,,,,,,,,False,False,FALSE,clustering,3,1,True,False,False,False,False,False
S142,P02_0769,GA-Field: Geometry-Aware Vehicle Aerodynamic Field Prediction,2026,HIGH,FALSE,,,custom,custom,transformer,unspecified,not_applicable,,,0.7004,,,,,,,False,False,FALSE,none,3,1,True,False,False,False,False,False
S143,P02_0773,Robust OOD Graph Learning via Mean Constraints and Noise Reduction,2025,HIGH,FALSE,TRUE,5,custom,custom,gnn,unspecified,not_applicable,,,0.593,,0.008,,,,,False,False,FALSE,none,2,1,True,False,False,False,True,True
S144,P02_0783,Improving Latent Generalization Using Test-time Compute,2026,HIGH,FALSE,FALSE,,custom,custom,transformer,unspecified,not_applicable,,,,,,,,,,False,False,FALSE,none,4,1,True,False,False,False,False,False
S145,P02_0789,Frequency Bias and OOD Generalization in Neural Operators under a Variable-Coefficient Wave Equation,2026,HIGH,FALSE,,,custom,custom,other,small,not_applicable,standard_Adam,0.198913,1.356445,,,-1.15753,,,,True,False,FALSE,other,3,1,True,False,False,False,False,False
S146,P02_0791,SynthDocBench: Controlled Benchmark for Long-Context Visual Document Understanding,2026,HIGH,TRUE,TRUE,,custom,custom,transformer,large,not_applicable,,,,,,,,,,False,False,FALSE,none,3,1,True,False,False,True,True,False
S147,P02_0795,TerraIncognita: A Dynamic Benchmark for Species Discovery Using Frontier Models,2025,HIGH,FALSE,,,custom,custom,transformer,unspecified,not_applicable,,1.0,0.5298,,,0.4702,,,,False,False,FALSE,none,3,3,True,False,False,False,False,False
S148,P02_0797,Predictable GRPO: A Closed-Form Model of Training Dynamics,2026,HIGH,FALSE,,,custom,custom,transformer,unspecified,not_applicable,,,,,,,,,,False,False,FALSE,none,2,3,True,False,False,False,False,False
S149,P02_0798,Can Large Reasoning Models do Analogical Reasoning under Perceptual Uncertainty?,2025,HIGH,FALSE,TRUE,,custom,custom,transformer,unspecified,not_applicable,other,0.866,0.17,,,0.696,3.4516723723519056,,0.05070936797081975,False,False,FALSE,none,4,2,True,False,False,False,True,False
S150,P02_0810,Compositional Generalization via Semantic Tagging,2020,HIGH,FALSE,TRUE,5,GeoQuery,GeoQuery,rnn_family,unspecified,not_applicable,,,0.521,,,,,,,False,False,FALSE,none,4,1,True,False,False,False,True,True
S151,P02_0811,Systematic Generalization with Edge Transformers,2021,HIGH,TRUE,TRUE,5,CFQ,CFQ,transformer,unspecified,not_applicable,standard_Adam,0.9908,0.2469,0.001,0.0127,0.7439,3.3124392020923916,82.58167291064605,0.00569719,False,False,FALSE,none,4,1,True,False,False,True,True,True
S152,P02_0812,Compositional Generalization from First Principles,2023,HIGH,FALSE,TRUE,5,custom,custom,cnn_family,unspecified,not_applicable,,,,,,,,,,False,False,FALSE,none,4,2,True,False,False,False,True,True
S153,P02_0813,Improving Compositional Generalization in Semantic Parsing,2020,HIGH,FALSE,FALSE,5,GeoQuery,GeoQuery,rnn_family,unspecified,not_applicable,standard_Adam,0.722,0.512,,,0.21,0.9063948060158284,,0.30019060611551457,False,False,FALSE,none,5,1,True,False,False,False,False,True
S154,P02_0814,A Survey on Compositional Generalization in Applications,2023,HIGH,FALSE,FALSE,,,custom,,,not_applicable,,,,,,,,,,False,False,FALSE,none,5,2,True,False,False,False,False,False
S155,P02_0815,Composition-Incremental Learning for Compositional Generalization,2025,HIGH,TRUE,,,custom,custom,vit,large,not_applicable,,0.2081,0.2754,,,-0.0673,-0.36902119565035557,,0.06036134773180599,False,False,FALSE,none,4,1,True,False,False,True,False,False
S156,P02_0816,Toward Compositional Generalization in Object-Oriented World Modeling,2022,HIGH,TRUE,,,custom,custom,gnn,unspecified,not_applicable,,,,,,,,,,False,False,FALSE,none,4,2,True,False,False,True,False,False
S157,P02_0817,On Evaluating Multilingual Compositional Generalization with Translated Datasets,2023,HIGH,FALSE,TRUE,,custom,custom,transformer,unspecified,not_applicable,,,0.366,,0.078,,,,,False,False,FALSE,other,4,2,True,False,False,False,True,False
S158,P02_0818,Learning Algebraic Recombination for Compositional Generalization,2021,HIGH,FALSE,TRUE,5,CFQ,CFQ,neurosymbolic,unspecified,not_applicable,,,0.909,,,,,,,False,False,FALSE,none,4,1,True,False,False,False,True,True
S159,P02_0819,Scalable Evaluation and Neural Models for Compositional Generalization,2025,HIGH,TRUE,TRUE,2,custom,custom,cnn_family,unspecified,not_applicable,,,,,,,,,,False,False,FALSE,none,4,2,True,False,False,True,True,False
S160,P02_0820,Improving Compositional Generalization in Math Word Problem Solving,2022,HIGH,FALSE,TRUE,,custom,custom,other,unspecified,not_applicable,,,,,,,,,,False,False,FALSE,none,4,1,True,False,False,False,True,False
S161,P02_0821,Improving Compositional Generalization in Classification Tasks via Structure Annotations,2021,HIGH,FALSE,TRUE,,CFQ,CFQ,transformer,small,not_applicable,standard_Adam,0.9867,0.9249,,,0.0618,1.7957369418452884,,0.028737275444968673,False,False,FALSE,none,4,2,True,False,False,False,True,False
S162,P02_0822,Compositional Generalization with Tree Stack Memory Units,2019,HIGH,FALSE,,,custom,custom,neurosymbolic,unspecified,not_applicable,,0.9352,0.7957,0.0028,0.0016,0.1395,1.3098220782397176,61.174796846665316,0.04724007514811974,False,False,FALSE,other,4,1,True,False,False,False,False,False
S163,P02_0823,Reinforcement Learning for Compositional Generalization with Outcome-Level Optimization,2026,HIGH,FALSE,FALSE,,SCAN,SCAN,,unspecified,not_applicable,,,0.8328,,,,,,,False,False,FALSE,none,4,2,True,False,False,False,False,False
S164,P02_0824,Provable Compositional Generalization for Object-Centric Learning,2023,HIGH,FALSE,TRUE,,custom,custom,other,unspecified,not_applicable,,,,,,,,,,False,False,FALSE,none,4,1,True,False,False,False,True,False
S165,P02_0825,A General Theory for Compositional Generalization,2024,HIGH,FALSE,FALSE,,,custom,,unspecified,,,,,,,,,,,False,False,FALSE,none,4,1,True,False,False,False,False,False
S166,P02_0826,Disentangled Sequence to Sequence Learning for Compositional Generalization,2021,UNCLEAR,FALSE,TRUE,,COGS,COGS,transformer,unspecified,not_applicable,,,,,,,,,,False,False,TRUE,other,4,1,True,True,False,False,True,False
S167,P02_0827,"Concepts, Properties and an Approach for Compositional Generalization",2021,HIGH,FALSE,FALSE,,,custom,,unspecified,not_applicable,,,,,,,,,,False,False,FALSE,none,4,2,True,False,False,False,False,False
S168,P02_0828,Consistency of Compositional Generalization across Multiple Levels,2024,HIGH,TRUE,TRUE,,custom,custom,mlp,unspecified,not_applicable,,0.7051,0.7423,,,-0.0372,-0.18625403556141754,,0.06318423062758619,False,False,FALSE,none,4,1,True,False,False,True,True,False
S169,P02_0829,On Provable Length and Compositional Generalization,2024,HIGH,FALSE,FALSE,,other,custom,transformer,unspecified,not_applicable,,,,,,,,,,False,False,FALSE,none,4,2,True,False,False,False,False,False
S170,P02_0830,On Compositional Generalization of Neural Machine Translation,2021,HIGH,FALSE,,,custom,custom,transformer,small,not_applicable,standard_Adam,0.6958,0.4866,,,0.2092,0.8809897209802671,,0.06793252534684693,False,False,FALSE,none,4,1,True,False,False,False,False,False
S171,P02_0831,DiNeR: a Large Realistic Dataset for Evaluating Compositional Generalization,2024,HIGH,FALSE,TRUE,,custom,custom,transformer,small,not_applicable,standard_Adam,0.844,0.592,,,0.252,1.316057026866576,,0.061090097397205056,False,False,FALSE,none,4,2,True,False,False,False,True,False
S172,P02_0832,The Mystery of Compositional Generalization in Graph-based Generative Commonsense Reasoning,2024,HIGH,FALSE,TRUE,,custom,custom,transformer,unspecified,not_applicable,,,,,,,,,,False,False,FALSE,none,4,2,True,False,False,False,True,False
S173,P02_0833,Simple and effective data augmentation for compositional generalization,2024,HIGH,FALSE,FALSE,,COGS,COGS,transformer,unspecified,not_applicable,,,0.993,,0.004,,,,,False,False,FALSE,none,4,1,True,False,False,False,False,False
S174,P02_0834,Unobserved Local Structures Make Compositional Generalization Hard,2022,HIGH,FALSE,FALSE,,custom,custom,transformer,unspecified,not_applicable,,,0.197,,0.346,,,,,False,False,FALSE,none,4,1,True,False,False,False,False,False
S175,P02_0836,"Compositional Generalization Requires Linear, Orthogonal Representations in Vision Embedding Models",2026,HIGH,FALSE,TRUE,3,custom,custom,vit,unspecified,,,,,,,,,,,False,False,TRUE,other,4,2,True,False,False,False,True,True
S176,P02_0837,When and How Does CLIP Enable Domain and Compositional Generalization?,2025,HIGH,FALSE,,3,DomainNet,custom,cnn_family,unspecified,not_applicable,,,,,,,,,,False,False,,other,4,1,True,False,False,False,False,True
S177,P02_0838,When does compositional structure yield compositional generalization? A kernel theory,2024,HIGH,TRUE,FALSE,,custom,custom,other,unspecified,not_applicable,,,,,,,,,,False,False,TRUE,other,4,2,True,False,False,True,False,False
S178,P02_0839,Syntax-Guided Transformers: Elevating Compositional Generalization and Grounding in Multimodal Environments,2023,HIGH,FALSE,FALSE,3,gSCAN,gSCAN,transformer,small,not_applicable,,,0.6049,,0.002,,,,,False,False,FALSE,attention_patterns,4,1,True,False,False,False,False,True
S179,P02_0840,Diverse Demonstrations Improve In-context Compositional Generalization,2022,HIGH,FALSE,TRUE,,GeoQuery,GeoQuery,transformer,unspecified,not_applicable,,,,,,,,,,False,False,FALSE,none,4,1,True,False,False,False,True,False
S180,P02_0841,Exploring the Compositional Generalization in Context Dependent Text-to-SQL Parsing,2023,HIGH,FALSE,,,custom,custom,other,unspecified,not_applicable,,,,,,,,,,False,False,FALSE,none,4,1,True,False,False,False,False,False
S181,P02_0842,Improving Compositional Generalization Using Iterated Learning and Simplicial Embeddings,2023,HIGH,TRUE,,5,custom,custom,gnn,small,not_applicable,other,0.8489,0.7402,0.0068,0.0078,0.1087,0.6789912087496719,14.85560559374699,0.00462774,False,False,TRUE,probing,4,1,True,False,False,True,False,True
S182,P02_0843,Towards Compositional Generalization of LLMs via Skill Taxonomy Guided Data Synthesis,2026,HIGH,FALSE,TRUE,,custom,custom,transformer,unspecified,not_applicable,,,,,,,,,,False,False,FALSE,none,4,3,True,False,False,False,True,False
S183,P02_0845,Are Object-Centric Representations Better At Compositional Generalization?,2026,HIGH,FALSE,FALSE,,custom,custom,vit,unspecified,not_applicable,,,,,,,,,,False,False,FALSE,none,4,2,True,False,False,False,False,False
S184,P02_0847,A Short Survey of Systematic Generalization,2022,HIGH,FALSE,FALSE,,,custom,,unspecified,not_applicable,,,,,,,,,,False,False,FALSE,none,3,1,True,False,False,False,False,False
S185,P02_0848,Compositional Generalization for Multi-label Text Classification: A Data-Augmentation Approach,2023,HIGH,TRUE,TRUE,,custom,custom,transformer,unspecified,,,,0.3111,,,,,,,False,False,FALSE,other,3,1,True,False,False,True,True,False
S186,P02_0849,Exploring Continual Learning of Compositional Generalization in NLI,2024,HIGH,FALSE,TRUE,,custom,custom,transformer,unspecified,not_applicable,,,,,,,,,,False,False,FALSE,clustering,4,1,True,False,False,False,True,False
S187,P02_0850,Layer-wise Representation Fusion for Compositional Generalization,2023,HIGH,TRUE,TRUE,3,CFQ,CFQ,transformer,unspecified,not_applicable,,,0.524,,,,,,,False,False,FALSE,attention_patterns,4,2,True,False,False,True,True,True
S188,P02_0851,Block-Operations: Using Modular Routing to Improve Compositional Generalization,2024,HIGH,FALSE,FALSE,,custom,custom,mlp,small,not_applicable,,,1.0,,,,,,,False,False,FALSE,attention_patterns,4,1,True,False,False,False,False,False
S189,P02_0852,Local Mechanisms of Compositional Generalization in Conditional Diffusion,2025,HIGH,FALSE,FALSE,,custom,custom,diffusion,unspecified,not_applicable,,,,,,,,,,False,False,TRUE,other,5,2,True,False,False,False,False,False
S190,P02_0853,A Theoretical Analysis of Compositional Generalization in Neural Networks: A Necessary and Sufficient Condition,2025,HIGH,FALSE,TRUE,5,custom,custom,mlp,unspecified,not_applicable,,,1.0,,0.0,,,,,False,False,FALSE,other,5,2,True,False,False,False,True,True
S191,P02_0854,The Role of Linguistic Priors in Measuring Compositional Generalization of Vision-Language Models,2023,HIGH,TRUE,,,custom,custom,vit,unspecified,not_applicable,other,,0.749,,,,,,,False,False,FALSE,none,4,2,True,False,False,True,False,False
S192,P02_0855,Compositional Generalization and Natural Language Variation: Can a Semantic Parsing Approach Handle Both?,2020,HIGH,FALSE,,,GeoQuery,GeoQuery,transformer,unspecified,not_applicable,,0.929,0.543,,,0.386,2.3990029327327926,,0.05604551721592013,False,False,FALSE,none,4,1,True,False,False,False,False,False
S193,P02_0856,Enhancing Compositional Generalization via Compositional Feature Alignment,2024,HIGH,TRUE,TRUE,,custom,custom,vit,unspecified,not_applicable,standard_Adam,0.943,0.543,,,0.4,2.6335890857591755,,0.05494560946972925,False,False,FALSE,other,4,2,True,False,False,True,True,False
S194,P02_0857,Evaluating Morphological Compositional Generalization in Large Language Models,2024,HIGH,FALSE,FALSE,,custom,custom,transformer,large,not_applicable,,0.542,0.439,,,0.103,0.41361830977298636,,0.07032176050128437,False,False,FALSE,none,4,1,True,False,False,False,False,False
S195,P02_0858,Evaluating the Impact of Model Scale for Compositional Generalization in Semantic Parsing,2022,HIGH,FALSE,FALSE,,CFQ,CFQ,transformer,large,,,,,,,,,,,False,False,FALSE,none,4,1,True,False,False,False,False,False
S196,P02_0859,Real-World Compositional Generalization with Disentangled Sequence-to-Sequence Learning,2022,HIGH,FALSE,,5,custom,custom,transformer,unspecified,not_applicable,,0.707,0.634,,,0.073,0.3314424358436455,,0.29637644980666056,False,False,FALSE,none,4,1,True,False,False,False,False,True
S197,P02_0861,Improving Compositional Generalization with Latent Structure and Data Augmentation,2021,HIGH,FALSE,FALSE,,GeoQuery,GeoQuery,transformer,unspecified,not_applicable,,,0.749,,,,,,,False,False,FALSE,none,4,2,True,False,False,False,False,False
S198,P02_0862,Compositional Generalization in Image Captioning,2019,HIGH,FALSE,FALSE,,custom,custom,rnn_family,unspecified,not_applicable,standard_Adam,,0.3329,,,,,,,False,False,FALSE,none,4,1,True,False,False,False,False,False
S199,P02_0863,Can LLM find the green circle? Investigation and Human-guided tool manipulation for compositional generalization,2023,HIGH,FALSE,FALSE,,custom,custom,transformer,unspecified,not_applicable,,,0.979,,,,,,,False,False,FALSE,none,4,2,True,False,False,False,False,False
S200,P02_0864,Multi-Sourced Compositional Generalization in Visual Question Answering,2025,HIGH,FALSE,TRUE,,custom,custom,other,unspecified,not_applicable,,0.717,,,,,,,,False,False,FALSE,none,4,1,True,False,False,False,True,False
S201,P02_0865,Analyzing the Inner Workings of Transformers in Compositional Generalization,2025,HIGH,FALSE,TRUE,,custom,custom,transformer,small,not_applicable,other,,,,,,,,,False,False,FALSE,other,4,2,True,False,False,False,True,False
S202,P02_0866,Improving Systematic Generalization Through Modularity and Augmentation,2022,HIGH,FALSE,,5,gSCAN,gSCAN,other,unspecified,not_applicable,,0.9634,0.8004,0.0028,0.0606,0.163,0.8084283385040048,3.7998538380844145,0.0271301,False,False,FALSE,none,4,1,True,False,False,False,False,True
S203,P02_0867,NeSyCoCo: A Neuro-Symbolic Concept Composer for Compositional Generalization,2024,UNCLEAR,TRUE,TRUE,3,custom,custom,neurosymbolic,unspecified,not_applicable,,0.997,0.921,0.0002,0.0026,0.076,0.0,41.21678698554465,0.00150555,False,False,TRUE,other,4,2,True,True,False,True,True,True
S204,P02_0868,Compositional Generalization via Forced Rendering of Disentangled Latents,2025,HIGH,TRUE,FALSE,,custom,custom,mlp,unspecified,not_applicable,,,,,,,,,,False,False,TRUE,other,4,1,True,False,False,True,False,False
S205,P02_0869,ChatGPT as Data Augmentation for Compositional Generalization: A Case Study in Open Intent Detection,2023,HIGH,FALSE,FALSE,10,custom,custom,transformer,unspecified,,standard_Adam,,,,,,,,,False,False,FALSE,none,3,1,True,False,False,False,False,True
S206,P02_0870,The Impact of Depth on Compositional Generalization in Transformer Language Models,2023,HIGH,FALSE,FALSE,1,COGS,COGS,transformer,medium,not_applicable,,,,,,,,,,False,False,FALSE,other,4,1,True,False,False,False,False,False
S207,P02_0871,Compositional Generalization Across Distributional Shifts with Sparse Tree Operations,2024,HIGH,TRUE,FALSE,5,SCAN,SCAN,neurosymbolic,small,not_applicable,standard_Adam,0.8,0.02,0.39,0.01,0.78,3.5835189384561104,2.8274977910182137,0.174471,False,False,FALSE,none,4,1,True,False,False,True,False,True
S208,P02_0872,Compositional generalization through abstract representations in human and artificial neural networks,2022,HIGH,FALSE,FALSE,,custom,custom,mlp,unspecified,not_applicable,,0.9437,0.2879,,,0.6558,3.724718937251591,,0.050807863564609757,False,False,TRUE,other,4,2,True,False,False,False,False,False
S209,P02_0873,Systematic Generalization in Language Models Scales with Information Entropy,2025,HIGH,FALSE,,5,SCAN,SCAN,transformer,unspecified,not_applicable,,,,,,,,,,False,False,FALSE,none,4,1,True,False,False,False,False,True
S210,P02_0874,How Modular Should Neural Module Networks Be for Systematic Generalization?,2021,HIGH,TRUE,,5,custom,custom,neurosymbolic,unspecified,not_applicable,,0.944,0.773,0.003,0.013,0.171,0.9718955462302001,18.12596374810875,0.00596657,False,False,FALSE,none,4,1,True,False,False,True,False,True
S211,P02_0875,Pretraining Frequency Predicts Compositional Generalization of CLIP on Real-World Tasks,2025,HIGH,TRUE,,,custom,custom,vit,unspecified,not_applicable,,,,,,,,,,False,False,FALSE,none,4,1,True,False,False,True,False,False
S212,P02_0877,SPOR: A Comprehensive and Practical Evaluation Method for Compositional Generalization in Data-to-Text Generation,2024,UNCLEAR,FALSE,TRUE,,custom,custom,transformer,large,not_applicable,,,,,,,,,,False,False,FALSE,none,4,2,True,True,False,False,True,False
S213,P02_0878,Neural-Symbolic Recursive Machine for Systematic Generalization,2022,HIGH,TRUE,,,custom,custom,neurosymbolic,unspecified,not_applicable,,,,,,,,,,False,False,FALSE,none,4,1,True,False,False,True,False,False
S214,P02_0879,An explainable transformer circuit for compositional generalization,2025,HIGH,FALSE,FALSE,,custom,custom,transformer,small,not_applicable,,,,,,,,,,False,False,FALSE,PCA,4,3,True,False,False,False,False,False
S215,P02_0880,Finding needles in a haystack: Sampling Structurally-diverse Training Sets from Synthetic Data for Compositional Generalization,2021,HIGH,FALSE,FALSE,,custom,custom,transformer,unspecified,not_applicable,,,,,,,,,,False,False,FALSE,none,4,1,True,False,False,False,False,False
S216,P02_0881,Revisiting Compositional Generalization Capability of Large Language Models Considering Instruction Following Ability,2025,HIGH,FALSE,FALSE,,custom,custom,transformer,unspecified,not_applicable,,,,,,,,,,False,False,FALSE,none,4,2,True,False,False,False,False,False
S217,P02_0882,Differentiable Tree Operations Promote Compositional Generalization,2023,HIGH,TRUE,FALSE,5,custom,custom,neurosymbolic,unspecified,not_applicable,,1.0,1.0,0.0,0.0,0.0,,,,False,False,FALSE,other,4,1,True,False,False,True,False,True
S218,P02_0883,Factorization Regret mediates compositional generalization in latent space,2026,HIGH,FALSE,FALSE,,custom,custom,rnn_family,unspecified,not_applicable,,,,,,,,,,False,False,FALSE,none,4,2,True,False,False,False,False,False
S219,P02_0884,Counterfactual Recipe Generation: Exploring Compositional Generalization in a Realistic Scenario,2022,HIGH,FALSE,TRUE,,custom,custom,transformer,unspecified,not_applicable,,,,,,,,,,False,False,FALSE,none,4,1,True,False,False,False,True,False
S220,P02_0885,Swing-by Dynamics in Concept Learning and Compositional Generalization,2024,HIGH,TRUE,,,custom,custom,mlp,small,not_applicable,standard_SGD,,,,,,,,,False,False,FALSE,other,4,1,True,False,False,True,False,False
S221,P02_0887,ExeDec: Execution Decomposition for Compositional Generalization in Neural Program Synthesis,2023,HIGH,TRUE,,,custom,custom,transformer,unspecified,not_applicable,other,0.955,0.87,,,0.085,1.1540900895173627,,0.03950632860694601,False,False,FALSE,none,4,1,True,False,False,True,False,False
S222,P02_0888,Compositional Generalization for Data-to-Text Generation,2023,UNCLEAR,FALSE,TRUE,,custom,custom,transformer,unspecified,not_applicable,,,,,,,,,,False,False,FALSE,none,4,2,True,True,False,False,True,False
S223,P02_0889,What Drives Compositional Generalization? The Importance of Continuous Training Objectives in Visual Generative Models,2025,HIGH,FALSE,,,CelebA,CelebA,other,unspecified,not_applicable,,,,,,,,,,False,False,TRUE,probing,4,1,True,False,False,False,False,False
S224,P02_0890,Compositional Generalization with Grounded Language Models,2024,HIGH,FALSE,FALSE,5,custom,custom,transformer,unspecified,not_applicable,,0.9817,0.5942,0.0039,0.0207,0.3875,1.815869041699427,26.016087843576656,0.00942019,False,False,FALSE,none,4,2,True,False,False,False,False,True
S225,P02_0891,Scaling can lead to compositional generalization,2025,UNCLEAR,TRUE,TRUE,3,custom,custom,mlp,small,not_applicable,,,1,,0,,,,,False,False,TRUE,probing,5,2,True,True,False,True,True,True
S226,P02_0892,Sequential Compositional Generalization in Multimodal Models,2024,HIGH,FALSE,FALSE,3,custom,custom,transformer,unspecified,not_applicable,,,0.2515,,0.008,,,,,False,False,FALSE,none,4,1,True,False,False,False,False,True
S227,P02_0893,Learning to Compose Representations of Different Encoder Layers towards Improving Compositional Generalization,2023,HIGH,FALSE,TRUE,3,CFQ,CFQ,transformer,unspecified,not_applicable,,,0.594,,,,,,,False,False,FALSE,attention_patterns,4,1,True,False,False,False,True,True
S228,P02_0894,Systematic Generalization on gSCAN with Language Conditioned Embedding,2020,HIGH,FALSE,TRUE,,gSCAN,gSCAN,rnn_family,unspecified,not_applicable,,0.986,0.8031,0.0095,0.2451,0.1829,2.848815771438039,1.0545311515465188,0.04146497196429777,False,False,FALSE,attention_patterns,4,1,True,False,False,False,True,False
S229,P02_0895,On a Built-in Conflict between Deep Learning and Systematic Generalization,2022,HIGH,FALSE,TRUE,,custom,custom,mlp,unspecified,not_applicable,,,,,,,,,,False,False,FALSE,none,4,1,True,False,False,False,True,False
S230,P02_0898,What Do You Need for Compositional Generalization in Diffusion Planning?,2025,HIGH,FALSE,,,custom,custom,diffusion,unspecified,not_applicable,,,0.838,,0.064,,,,,False,False,FALSE,none,4,1,True,False,False,False,False,False
S231,P02_0899,D3: Data Diversity Design for Systematic Generalization in Visual Question Answering,2023,HIGH,TRUE,,,custom,custom,transformer,unspecified,not_applicable,,0.4067,0.2288,,,0.1779,0.8374751234392744,,0.06463324763618179,False,False,FALSE,none,4,1,True,False,False,True,False,False
S232,P02_0900,RoboHiMan: A Hierarchical Evaluation Paradigm for Compositional Generalization in Long-Horizon Manipulation,2025,UNCLEAR,FALSE,TRUE,,custom,custom,diffusion,unspecified,not_applicable,,,,,,,,,,False,False,FALSE,none,4,2,True,True,False,False,True,False
S233,P02_0901,AGEL-Comp: A Neuro-Symbolic Framework for Compositional Generalization in Interactive Agents,2026,HIGH,FALSE,,3,custom,custom,neurosymbolic,unspecified,not_applicable,,,1.0,,0.0,,,,,False,False,FALSE,none,4,2,True,False,False,False,False,True
S234,P02_0902,ViLPAct: A Benchmark for Compositional Generalization on Multimodal Human Activities,2022,HIGH,FALSE,TRUE,,custom,custom,neurosymbolic,unspecified,not_applicable,,,,,,,,,,False,False,FALSE,none,3,2,True,False,False,False,True,False
S235,P02_0903,Policy Architectures for Compositional Generalization in Control,2022,HIGH,FALSE,FALSE,,custom,custom,transformer,small,not_applicable,standard_Adam,,,,,,,,,False,False,FALSE,none,4,2,True,False,False,False,False,False
S236,P02_0904,Transformer Module Networks for Systematic Generalization in Visual Question Answering,2022,HIGH,FALSE,FALSE,3,custom,custom,neurosymbolic,unspecified,not_applicable,,,0.801,,0.0072,,,,,False,False,FALSE,attention_patterns,4,1,True,False,False,False,False,True
S237,P02_0906,Realistic Evaluation of Model Merging for Compositional Generalization,2024,HIGH,FALSE,FALSE,,DomainNet,custom,other,unspecified,not_applicable,,0.664,0.615,,,0.049,0.21279205599449616,,0.06781437900622551,False,False,FALSE,none,4,1,True,False,False,False,False,False
S238,P02_0907,Learning Algebraic Representation for Systematic Generalization in Abstract Reasoning,2021,HIGH,FALSE,FALSE,,custom,custom,neurosymbolic,unspecified,not_applicable,,0.749,,,,,,,,False,False,FALSE,other,4,1,True,False,False,False,False,False
S239,P02_0908,From Reasoning Traces to Reusable Modules: Understanding Compositional Generalization in Language Model Reasoning,2026,HIGH,FALSE,,2,custom,custom,transformer,unspecified,not_applicable,,,0.426,,,,,,,False,False,FALSE,none,5,2,True,False,False,False,False,False
S240,P02_0909,Systematic Generalization: What Is Required and Can It Be Learned?,2018,HIGH,TRUE,,10,custom,custom,neurosymbolic,unspecified,not_applicable,,0.9984,0.7281,0.0012,0.1602,0.2703,1.9594349294041993,2.386087403692521,0.0506611,False,False,FALSE,attention_patterns,4,1,True,False,False,True,False,True
S241,P02_0910,Learning by Analogy: A Causal Framework for Composition Generalization,2025,HIGH,FALSE,,3,custom,custom,diffusion,unspecified,not_applicable,,79.28,,,,,,,,False,False,TRUE,attention_patterns,4,1,True,False,False,False,False,True
S242,P02_0912,Provably Efficient Causal Model-Based Reinforcement Learning for Systematic Generalization,2022,HIGH,TRUE,FALSE,10,custom,custom,other,unspecified,not_applicable,,,,,,,,,,False,False,FALSE,none,4,2,True,False,False,True,False,True
S243,P02_0913,Compositional-ARC: Assessing Systematic Generalization in Abstract Spatial Reasoning,2025,HIGH,TRUE,TRUE,,custom,custom,transformer,small,not_applicable,,,,,,,,,,False,False,FALSE,none,4,1,True,False,False,True,True,False
S244,P02_0914,Impact of Pretraining Word Co-occurrence on Compositional Generalization in Multimodal Models,2025,HIGH,FALSE,TRUE,,ImageNet,custom,vit,small,not_applicable,,,,,,,,,,False,False,FALSE,none,4,1,True,False,False,False,True,False
S245,P02_0915,Systematic Generalization in Neural Networks-based Multivariate Time Series Forecasting Models,2021,HIGH,FALSE,FALSE,10,custom,custom,mlp,unspecified,not_applicable,,0.011,0.015,,,-0.004,0.0,,0.05064977788697597,False,False,FALSE,none,4,1,True,False,False,False,False,True
S246,P02_0917,Seen to Unseen: Exploring Compositional Generalization of Multi-Attribute Controllable Dialogue Generation,2023,HIGH,FALSE,FALSE,3,custom,custom,transformer,unspecified,not_applicable,,,0.7063,,,,,,,False,False,FALSE,none,4,1,True,False,False,False,False,True
S247,P02_0919,Latent Compositional Representations Improve Systematic Generalization in Grounded Question Answering,2020,HIGH,FALSE,FALSE,,custom,custom,neurosymbolic,unspecified,not_applicable,,,0.961,,,,,,,False,False,FALSE,other,4,1,True,False,False,False,False,False
S248,P02_0921,Measuring Systematic Generalization in Neural Proof Generation with Transformers,2020,HIGH,TRUE,FALSE,,custom,custom,transformer,medium,not_applicable,other,,,,,,,,,False,False,TRUE,none,4,1,True,False,False,True,False,False
S249,P02_0922,Systematic Generalization on gSCAN: What is Nearly Solved and What is Next?,2021,HIGH,FALSE,TRUE,,gSCAN,gSCAN,transformer,unspecified,not_applicable,,0.9466,,0.0024,,,,,,False,False,FALSE,none,4,1,True,False,False,False,True,False
S250,P02_0924,COVR: A test-bed for Visually Grounded Compositional Generalization with real images,2021,HIGH,FALSE,,,custom,custom,transformer,unspecified,not_applicable,,,0.5,,,,,,,False,False,FALSE,none,3,1,True,False,False,False,False,False
S251,P02_0926,Revisit Systematic Generalization via Meaningful Learning,2020,HIGH,FALSE,,,SCAN,SCAN,rnn_family,unspecified,not_applicable,,0.9827,0.9539,0.0238,0.0272,0.0288,1.00985148971609,1.126910295932172,0.024693217692313817,False,False,FALSE,none,4,1,True,False,False,False,False,False
S252,P02_0927,ClassicLogic: A Knowledge-Driven Benchmark of Classic Puzzle Games for Evaluating Compositional Generalization,2026,HIGH,FALSE,TRUE,,custom,custom,neurosymbolic,unspecified,not_applicable,,0.868,0.8273,,,0.0407,0.3167783910304747,,0.05073960090501304,False,False,FALSE,none,4,2,True,False,False,False,True,False
S253,P02_0928,HICO-DET-SG and V-COCO-SG: New Data Splits for Evaluating the Systematic Generalization Performance of Human-Object Interaction Detection Models,2023,HIGH,FALSE,,,custom,custom,transformer,unspecified,not_applicable,,,,,,,,,,False,False,FALSE,none,4,1,True,False,False,False,False,False
S254,P02_0929,"InternVLA-A1.5: Unifying Understanding, Latent Foresight, and Action for Compositional Generalization",2026,HIGH,FALSE,TRUE,,custom,custom,transformer,unspecified,not_applicable,,0.989,0.328,,,0.661,5.216043790963346,,0.048093138803783644,False,False,FALSE,none,4,1,True,False,False,False,True,False
S255,P02_0930,Rule Extrapolation in Language Models: A Study of Compositional Generalization on OOD Prompts,2024,HIGH,TRUE,TRUE,,custom,custom,transformer,unspecified,not_applicable,,0.974,0.98,0.148,0.09,-0.006,-0.2685055324895737,-0.04898652919590224,0.02119528249398909,False,False,FALSE,none,5,2,True,False,False,True,True,False
S256,P02_0931,Language Plays a Pivotal Role in the Object-Attribute Compositional Generalization of CLIP,2024,HIGH,FALSE,,,custom,custom,vit,large,not_applicable,,,,,,,,,,False,False,FALSE,none,4,1,True,False,False,False,False,False
S257,P02_0932,The Devil is in the Detail: Simple Tricks Improve Systematic Generalization of Transformers,2021,HIGH,FALSE,TRUE,5,COGS,COGS,transformer,unspecified,not_applicable,,1.0,0.8,0.0,0.0,0.2,,inf,,False,False,FALSE,none,4,2,True,False,False,False,True,True
S258,P02_0933,Inductive Biases for Zero-shot Systematic Generalization in Language-informed Reinforcement Learning,2025,HIGH,FALSE,FALSE,,custom,custom,neurosymbolic,unspecified,not_applicable,other,,0.97,,0.01,,,,,False,False,FALSE,none,4,2,True,False,False,False,False,False
S259,P02_0934,Three approaches to facilitate DNN generalization to objects in out-of-distribution orientations and illuminations,2021,HIGH,FALSE,FALSE,,custom,custom,cnn_family,unspecified,not_applicable,,,,,,,,,,False,False,FALSE,other,3,2,True,False,False,False,False,False
S260,P02_0935,Siamese recurrent networks learn first-order logic reasoning and exhibit zero-shot compositional generalization,2019,HIGH,FALSE,FALSE,,custom,custom,rnn_family,unspecified,not_applicable,,,0.867,,,,,,,False,False,FALSE,none,4,1,True,False,False,False,False,False
S261,P02_0936,"A Minimalist Dataset for Systematic Generalization of Perception, Syntax, and Semantics",2021,HIGH,TRUE,FALSE,5,custom,custom,transformer,small,not_applicable,,,0.543,,,,,,,False,False,FALSE,none,4,1,True,False,False,True,False,True
S262,P02_0937,CLOSURE: Assessing Systematic Generalization of CLEVR Models,2019,HIGH,FALSE,FALSE,10,custom,custom,neurosymbolic,unspecified,not_applicable,,0.98,0.863,0.00066,0.025,0.117,1.1040052139111367,6.616214255153453,0.00790845,False,False,FALSE,none,4,2,True,False,False,False,False,True
S263,P02_0938,Towards Systematic Generalization for Power Grid Optimization Problems,2026,HIGH,FALSE,FALSE,,custom,custom,gnn,unspecified,not_applicable,,0.8888,0.818,,,0.0708,0.5756862069829873,,0.04977052943258692,False,False,FALSE,none,3,1,True,False,False,False,False,False
S264,P02_0939,Understanding out-of-distribution accuracies through quantifying difficulty of test samples,2022,HIGH,FALSE,,10,CIFAR10,CIFAR10,cnn_family,small,not_applicable,standard_Adam,,,,,,,,,False,False,FALSE,none,3,1,True,False,False,False,False,True
S265,P02_0940,SyGNS: A Systematic Generalization Testbed Based on Natural Language Semantics,2021,HIGH,FALSE,TRUE,3,custom,custom,transformer,unspecified,not_applicable,,,,,,,,,,False,False,FALSE,none,4,1,True,False,False,False,True,True
S266,P02_0941,Challenges in Generalization in Open Domain Question Answering,2021,HIGH,FALSE,,,custom,custom,transformer,large,not_applicable,,,,,,,,,,False,False,FALSE,none,4,1,True,False,False,False,False,False
S267,P02_0942,Scale Up Strategically: Learning Compositional Generalization via Bias-Aware Evaluation and Data Collection for Robotic Manipulation,2026,HIGH,FALSE,FALSE,3,custom,custom,transformer,unspecified,not_applicable,,,0.549,,,,,,,False,False,FALSE,other,4,3,True,False,False,False,False,True
S268,P02_0944,ORCHARD: A Benchmark For Measuring Systematic Generalization of Multi-Hierarchical Reasoning,2021,HIGH,FALSE,TRUE,,custom,custom,transformer,medium,not_applicable,standard_Adam,,0.541,,,,,,,False,False,FALSE,none,4,1,True,False,False,False,True,False
S269,P02_0945,Atomic-to-Compositional Generalization for Mobile Agents with A New Benchmark and Scheduling System,2025,HIGH,FALSE,TRUE,,custom,custom,transformer,unspecified,not_applicable,,0.8,0.57,,,0.23,1.1044432089789034,,0.06364746656387825,False,False,FALSE,none,4,3,True,False,False,False,True,False
S270,P02_0946,ATOM-Bench: A Real-World Benchmark for Atomic Skills and Compositional Generalization in Manipulation Policies,2026,HIGH,FALSE,FALSE,,custom,custom,other,unspecified,not_applicable,,,,,,,,,,False,False,FALSE,none,4,2,True,False,False,False,False,False
S271,P02_0948,The Neural Data Router: Adaptive Control Flow in Transformers Improves Systematic Generalization,2021,HIGH,TRUE,TRUE,,custom,custom,transformer,unspecified,not_applicable,,1.0,1.0,0.0,0.0,0.0,,,,False,False,FALSE,attention_patterns,4,1,True,False,False,True,True,False
S272,P02_0949,Compositional Generalization from Learned Skills via CoT Training: A Theoretical and Structural Analysis for Reasoning,2025,HIGH,TRUE,TRUE,3,custom,custom,transformer,unspecified,not_applicable,other,1.0,0.994,,,0.006,,,,False,False,FALSE,other,4,2,True,False,False,True,True,True
S273,P02_0951,Systematic Generalization and Emergent Structures in Transformers Trained on Structured Tasks,2022,HIGH,FALSE,FALSE,4,custom,custom,transformer,small,not_applicable,standard_Adam,,0.8338,,0.1305,,,,,False,False,FALSE,probing,4,1,True,False,False,False,False,True
S274,P02_0956,Mixture Data for Training Cannot Ensure Out-of-distribution Generalization,2023,HIGH,FALSE,,10,CIFAR10,CIFAR10,cnn_family,small,not_applicable,standard_SGD,,,,,,,,,False,False,FALSE,none,3,1,True,False,False,False,False,True
S275,P02_0957,Low-Frequency Shortcuts in Texture-Driven Visual Learning,2026,HIGH,FALSE,,3,custom,custom,cnn_family,unspecified,not_applicable,,,,,,,,,,False,False,FALSE,other,3,2,True,False,False,False,False,True
S276,P02_0959,What makes Models Compositional? A Theoretical View: With Supplement,2024,HIGH,FALSE,,,,custom,,unspecified,not_applicable,,,,,,,,,,False,False,FALSE,none,4,1,True,False,False,False,False,False
S277,P02_0962,Robust Subtask Learning for Compositional Generalization,2023,HIGH,TRUE,TRUE,10,custom,custom,other,unspecified,not_applicable,other,,,,,,,,,False,False,FALSE,none,3,2,True,False,False,True,True,True
S278,P02_0964,Compositional Generalization in Spoken Language Understanding,2023,HIGH,FALSE,FALSE,,custom,custom,transformer,unspecified,not_applicable,,0.9842,,0.0009,,,,,,False,False,FALSE,none,4,2,True,False,False,False,False,False
S279,P02_0965,Causal Structural Hypothesis Testing and Data Generation Models,2022,UNCLEAR,TRUE,TRUE,,custom,custom,mlp,small,not_applicable,,,,,,,,,,False,False,FALSE,none,3,1,True,True,False,True,True,False
S280,P02_0967,Adversarial Reward Auditing for Active Detection and Mitigation of Reward Hacking,2026,HIGH,FALSE,FALSE,,custom,custom,transformer,unspecified,not_applicable,,,,,,,,,,False,False,FALSE,other,2,5,True,False,False,False,False,False
S281,P02_1159,Probing the Probes: Methods and Metrics for Concept Alignment,2025,HIGH,FALSE,FALSE,,,custom,cnn_family,unspecified,not_applicable,,,,,,,,,,False,False,TRUE,probing,2,3,True,False,False,False,False,False
S282,P02_1172,Learning to optimize: a primer and a benchmark,2022,HIGH,FALSE,TRUE,,custom,custom,rnn_family,unspecified,not_applicable,other,,,,,,,,,False,False,FALSE,none,2,1,True,False,False,False,True,False
S283,P02_1308,Vision Transformer Neural Architecture Search for Out-of-Distribution Generalization: Benchmark and Insights,2024,HIGH,TRUE,TRUE,,ImageNet_C,custom,vit,unspecified,not_applicable,,,,,,,,,,False,False,FALSE,none,3,1,True,False,False,True,True,False
S284,P02_1381,Sparse Mixture-of-Experts for Compositional Generalization: Empirical Evidence and Theoretical Foundations of Optimal Sparsity,2026,HIGH,FALSE,,,custom,custom,transformer,unspecified,not_applicable,,,,,,,,,,False,False,FALSE,none,4,2,True,False,False,False,False,False
S285,P02_1395,Compositional generalization by factorizing alignment and translation,2020,HIGH,TRUE,,5,SCAN,SCAN,rnn_family,unspecified,not_applicable,,,,,,,,,,False,False,FALSE,attention_patterns,4,1,True,False,False,True,False,True
S286,P02_1398,Neural Collapse Inspired Feature Alignment for Out-of-Distribution Generalization,2024,HIGH,TRUE,,,custom,custom,,unspecified,not_applicable,other,,,,,,,,,False,False,FALSE,none,3,2,True,False,False,True,False,False
