lambda,mu_perp,u_star_shortcut,v_star_shortcut,u_star_schema,v_star_schema,is_supercritical
0.0,-0.5,1.0,0.0,1.0,0.0,False
0.01,-0.49,0.9950248756218907,0.0,0.9950248756218907,0.0,False
0.02,-0.48,0.9900990099009901,0.0,0.9900990099009901,0.0,False
0.03,-0.47,0.9852216748768474,0.0,0.9852216748768474,0.0,False
0.04,-0.46,0.9803921568627451,0.0,0.9803921568627451,0.0,False
0.05,-0.45,0.9756097560975611,0.0,0.9756097560975611,0.0,False
0.06,-0.44,0.970873786407767,0.0,0.970873786407767,0.0,False
0.07,-0.43,0.9661835748792271,0.0,0.9661835748792271,0.0,False
0.08,-0.42,0.9615384615384615,0.0,0.9615384615384615,0.0,False
0.09,-0.41000000000000003,0.9569377990430623,0.0,0.9569377990430623,0.0,False
0.1,-0.4,0.9523809523809523,0.0,0.9523809523809523,0.0,False
0.11,-0.39,0.9478672985781991,0.0,0.9478672985781991,0.0,False
0.12,-0.38,0.9433962264150942,0.0,0.9433962264150942,0.0,False
0.13,-0.37,0.9389671361502347,0.0,0.9389671361502347,0.0,False
0.14,-0.36,0.9345794392523364,0.0,0.9345794392523364,0.0,False
0.15,-0.35,0.9302325581395349,0.0,0.9302325581395349,0.0,False
0.16,-0.33999999999999997,0.9259259259259258,0.0,0.9259259259259258,0.0,False
0.17,-0.32999999999999996,0.9216589861751152,0.0,0.9216589861751152,0.0,False
0.18,-0.32,0.9174311926605504,0.0,0.9174311926605504,0.0,False
0.19,-0.31,0.9132420091324202,0.0,0.9132420091324202,0.0,False
0.2,-0.3,0.9090909090909091,0.0,0.9090909090909091,0.0,False
0.21,-0.29000000000000004,0.9049773755656109,0.0,0.9049773755656109,0.0,False
0.22,-0.28,0.9009009009009008,0.0,0.9009009009009008,0.0,False
0.23,-0.27,0.8968609865470852,0.0,0.8968609865470852,0.0,False
0.24,-0.26,0.8928571428571428,0.0,0.8928571428571428,0.0,False
0.25,-0.25,0.8888888888888888,0.0,0.8888888888888888,0.0,False
0.26,-0.24,0.8849557522123894,0.0,0.8849557522123894,0.0,False
0.27,-0.22999999999999998,0.8810572687224669,0.0,0.8810572687224669,0.0,False
0.28,-0.21999999999999997,0.8771929824561403,0.0,0.8771929824561403,0.0,False
0.29,-0.21000000000000002,0.8733624454148472,0.0,0.8733624454148472,0.0,False
0.3,-0.2,0.8695652173913044,0.0,0.8695652173913044,0.0,False
0.31,-0.19,0.8658008658008658,0.0,0.8658008658008658,0.0,False
0.32,-0.18,0.8620689655172414,0.0,0.8620689655172414,0.0,False
0.33,-0.16999999999999998,0.8583690987124464,0.0,0.8583690987124464,0.0,False
0.34,-0.15999999999999998,0.8547008547008548,0.0,0.8547008547008548,0.0,False
0.35000000000000003,-0.14999999999999997,0.851063829787234,0.0,0.851063829787234,0.0,False
0.36,-0.14,0.8474576271186441,0.0,0.8474576271186441,0.0,False
0.37,-0.13,0.8438818565400843,0.0,0.8438818565400843,0.0,False
0.38,-0.12,0.8403361344537815,0.0,0.8403361344537815,0.0,False
0.39,-0.10999999999999999,0.8368200836820083,0.0,0.8368200836820083,0.0,False
0.4,-0.09999999999999998,0.8333333333333334,0.0,0.8333333333333334,0.0,False
0.41000000000000003,-0.08999999999999997,0.8298755186721991,0.0,0.8298755186721991,0.0,False
0.42,-0.08000000000000002,0.8264462809917356,0.0,0.8264462809917356,0.0,False
0.43,-0.07,0.8230452674897119,0.0,0.8230452674897119,0.0,False
0.44,-0.06,0.819672131147541,0.0,0.819672131147541,0.0,False
0.45,-0.04999999999999999,0.8163265306122448,0.0,0.8163265306122448,0.0,False
0.46,-0.03999999999999998,0.8130081300813008,0.0,0.8130081300813008,0.0,False
0.47000000000000003,-0.02999999999999997,0.8097165991902834,0.0,0.8097165991902834,0.0,False
0.48,-0.020000000000000018,0.8064516129032259,0.0,0.8064516129032259,0.0,False
0.49,-0.010000000000000009,0.8032128514056224,0.0,0.8032128514056224,0.0,False
0.5,0.0,0.8,0.0,0.8,0.0,False
0.51,0.010000000000000009,0.7968127490039841,0.0,0.7968127490039841,0.010000000000000009,True
0.52,0.020000000000000018,0.7936507936507936,0.0,0.7936507936507936,0.020000000000000018,True
0.53,0.030000000000000027,0.7905138339920947,0.0,0.7905138339920947,0.030000000000000027,True
0.54,0.040000000000000036,0.7874015748031495,0.0,0.7874015748031495,0.040000000000000036,True
0.55,0.050000000000000044,0.7843137254901962,0.0,0.7843137254901962,0.050000000000000044,True
0.56,0.06000000000000005,0.78125,0.0,0.78125,0.06000000000000005,True
0.5700000000000001,0.07000000000000006,0.7782101167315174,0.0,0.7782101167315174,0.07000000000000006,True
0.58,0.07999999999999996,0.7751937984496123,0.0,0.7751937984496123,0.07999999999999996,True
0.59,0.08999999999999997,0.7722007722007722,0.0,0.7722007722007722,0.08999999999999997,True
0.6,0.09999999999999998,0.7692307692307692,0.0,0.7692307692307692,0.09999999999999998,True
0.61,0.10999999999999999,0.7662835249042146,0.0,0.7662835249042146,0.10999999999999999,True
0.62,0.12,0.7633587786259541,0.0,0.7633587786259541,0.12,True
0.63,0.13,0.7604562737642586,0.0,0.7604562737642586,0.13,True
0.64,0.14,0.7575757575757576,0.0,0.7575757575757576,0.14,True
0.65,0.15000000000000002,0.7547169811320755,0.0,0.7547169811320755,0.15000000000000002,True
0.66,0.16000000000000003,0.7518796992481203,0.0,0.7518796992481203,0.16000000000000003,True
0.67,0.17000000000000004,0.7490636704119851,0.0,0.7490636704119851,0.17000000000000004,True
0.68,0.18000000000000005,0.7462686567164178,0.0,0.7462686567164178,0.18000000000000005,True
0.6900000000000001,0.19000000000000006,0.7434944237918216,0.0,0.7434944237918216,0.19000000000000006,True
0.7000000000000001,0.20000000000000007,0.7407407407407407,0.0,0.7407407407407407,0.20000000000000007,True
0.71,0.20999999999999996,0.7380073800738007,0.0,0.7380073800738007,0.20999999999999996,True
0.72,0.21999999999999997,0.7352941176470589,0.0,0.7352941176470589,0.21999999999999997,True
0.73,0.22999999999999998,0.7326007326007326,0.0,0.7326007326007326,0.22999999999999998,True
0.74,0.24,0.7299270072992701,0.0,0.7299270072992701,0.24,True
0.75,0.25,0.7272727272727273,0.0,0.7272727272727273,0.25,True
0.76,0.26,0.7246376811594204,0.0,0.7246376811594204,0.26,True
0.77,0.27,0.7220216606498195,0.0,0.7220216606498195,0.27,True
0.78,0.28,0.7194244604316546,0.0,0.7194244604316546,0.28,True
0.79,0.29000000000000004,0.7168458781362007,0.0,0.7168458781362007,0.29000000000000004,True
0.8,0.30000000000000004,0.7142857142857143,0.0,0.7142857142857143,0.30000000000000004,True
0.81,0.31000000000000005,0.7117437722419929,0.0,0.7117437722419929,0.31000000000000005,True
0.8200000000000001,0.32000000000000006,0.7092198581560283,0.0,0.7092198581560283,0.32000000000000006,True
0.8300000000000001,0.33000000000000007,0.7067137809187279,0.0,0.7067137809187279,0.33000000000000007,True
0.84,0.33999999999999997,0.7042253521126761,0.0,0.7042253521126761,0.33999999999999997,True
0.85,0.35,0.7017543859649122,0.0,0.7017543859649122,0.35,True
0.86,0.36,0.6993006993006994,0.0,0.6993006993006994,0.36,True
0.87,0.37,0.6968641114982578,0.0,0.6968641114982578,0.37,True
0.88,0.38,0.6944444444444444,0.0,0.6944444444444444,0.38,True
0.89,0.39,0.6920415224913494,0.0,0.6920415224913494,0.39,True
0.9,0.4,0.6896551724137931,0.0,0.6896551724137931,0.4,True
0.91,0.41000000000000003,0.6872852233676976,0.0,0.6872852233676976,0.41000000000000003,True
0.92,0.42000000000000004,0.684931506849315,0.0,0.684931506849315,0.42000000000000004,True
0.93,0.43000000000000005,0.68259385665529,0.0,0.68259385665529,0.43000000000000005,True
0.9400000000000001,0.44000000000000006,0.6802721088435374,0.0,0.6802721088435374,0.44000000000000006,True
0.9500000000000001,0.45000000000000007,0.6779661016949152,0.0,0.6779661016949152,0.45000000000000007,True
0.96,0.45999999999999996,0.6756756756756757,0.0,0.6756756756756757,0.45999999999999996,True
0.97,0.47,0.6734006734006734,0.0,0.6734006734006734,0.47,True
0.98,0.48,0.6711409395973155,0.0,0.6711409395973155,0.48,True
0.99,0.49,0.6688963210702341,0.0,0.6688963210702341,0.49,True
1.0,0.5,0.6666666666666666,0.0,0.6666666666666666,0.5,True
1.01,0.51,0.6644518272425249,0.0,0.6644518272425249,0.51,True
1.02,0.52,0.6622516556291391,0.0,0.6622516556291391,0.52,True
1.03,0.53,0.6600660066006601,0.0,0.6600660066006601,0.53,True
1.04,0.54,0.6578947368421053,0.0,0.6578947368421053,0.54,True
1.05,0.55,0.6557377049180328,0.0,0.6557377049180328,0.55,True
1.06,0.56,0.6535947712418301,0.0,0.6535947712418301,0.56,True
1.07,0.5700000000000001,0.6514657980456026,0.0,0.6514657980456026,0.5700000000000001,True
1.08,0.5800000000000001,0.6493506493506493,0.0,0.6493506493506493,0.5800000000000001,True
1.09,0.5900000000000001,0.6472491909385114,0.0,0.6472491909385114,0.5900000000000001,True
1.1,0.6000000000000001,0.6451612903225806,0.0,0.6451612903225806,0.6000000000000001,True
1.11,0.6100000000000001,0.6430868167202571,0.0,0.6430868167202571,0.6100000000000001,True
1.12,0.6200000000000001,0.641025641025641,0.0,0.641025641025641,0.6200000000000001,True
1.1300000000000001,0.6300000000000001,0.6389776357827476,0.0,0.6389776357827476,0.6300000000000001,True
1.1400000000000001,0.6400000000000001,0.6369426751592356,0.0,0.6369426751592356,0.6400000000000001,True
1.1500000000000001,0.6500000000000001,0.6349206349206349,0.0,0.6349206349206349,0.6500000000000001,True
1.16,0.6599999999999999,0.6329113924050632,0.0,0.6329113924050632,0.6599999999999999,True
1.17,0.6699999999999999,0.6309148264984227,0.0,0.6309148264984227,0.6699999999999999,True
1.18,0.6799999999999999,0.628930817610063,0.0,0.628930817610063,0.6799999999999999,True
1.19,0.69,0.6269592476489029,0.0,0.6269592476489029,0.69,True
1.2,0.7,0.625,0.0,0.625,0.7,True
1.21,0.71,0.6230529595015576,0.0,0.6230529595015576,0.71,True
1.22,0.72,0.6211180124223603,0.0,0.6211180124223603,0.72,True
1.23,0.73,0.6191950464396285,0.0,0.6191950464396285,0.73,True
1.24,0.74,0.6172839506172839,0.0,0.6172839506172839,0.74,True
1.25,0.75,0.6153846153846154,0.0,0.6153846153846154,0.75,True
1.26,0.76,0.6134969325153374,0.0,0.6134969325153374,0.76,True
1.27,0.77,0.6116207951070336,0.0,0.6116207951070336,0.77,True
1.28,0.78,0.6097560975609756,0.0,0.6097560975609756,0.78,True
1.29,0.79,0.60790273556231,0.0,0.60790273556231,0.79,True
1.3,0.8,0.6060606060606061,0.0,0.6060606060606061,0.8,True
1.31,0.81,0.6042296072507553,0.0,0.6042296072507553,0.81,True
1.32,0.8200000000000001,0.6024096385542168,0.0,0.6024096385542168,0.8200000000000001,True
1.33,0.8300000000000001,0.6006006006006006,0.0,0.6006006006006006,0.8300000000000001,True
1.34,0.8400000000000001,0.5988023952095809,0.0,0.5988023952095809,0.8400000000000001,True
1.35,0.8500000000000001,0.5970149253731343,0.0,0.5970149253731343,0.8500000000000001,True
1.36,0.8600000000000001,0.5952380952380952,0.0,0.5952380952380952,0.8600000000000001,True
1.37,0.8700000000000001,0.5934718100890207,0.0,0.5934718100890207,0.8700000000000001,True
1.3800000000000001,0.8800000000000001,0.591715976331361,0.0,0.591715976331361,0.8800000000000001,True
1.3900000000000001,0.8900000000000001,0.5899705014749262,0.0,0.5899705014749262,0.8900000000000001,True
1.4000000000000001,0.9000000000000001,0.588235294117647,0.0,0.588235294117647,0.9000000000000001,True
1.41,0.9099999999999999,0.5865102639296187,0.0,0.5865102639296187,0.9099999999999999,True
1.42,0.9199999999999999,0.5847953216374269,0.0,0.5847953216374269,0.9199999999999999,True
1.43,0.9299999999999999,0.5830903790087464,0.0,0.5830903790087464,0.9299999999999999,True
1.44,0.94,0.5813953488372093,0.0,0.5813953488372093,0.94,True
1.45,0.95,0.5797101449275363,0.0,0.5797101449275363,0.95,True
1.46,0.96,0.5780346820809249,0.0,0.5780346820809249,0.96,True
1.47,0.97,0.5763688760806917,0.0,0.5763688760806917,0.97,True
1.48,0.98,0.5747126436781609,0.0,0.5747126436781609,0.98,True
1.49,0.99,0.5730659025787965,0.0,0.5730659025787965,0.99,True
1.5,1.0,0.5714285714285714,0.0,0.5714285714285714,1.0,True
1.51,1.01,0.5698005698005698,0.0,0.5698005698005698,1.01,True
1.52,1.02,0.5681818181818182,0.0,0.5681818181818182,1.02,True
1.53,1.03,0.56657223796034,0.0,0.56657223796034,1.03,True
1.54,1.04,0.5649717514124294,0.0,0.5649717514124294,1.04,True
1.55,1.05,0.5633802816901409,0.0,0.5633802816901409,1.05,True
1.56,1.06,0.5617977528089888,0.0,0.5617977528089888,1.06,True
1.57,1.07,0.5602240896358543,0.0,0.5602240896358543,1.07,True
1.58,1.08,0.5586592178770949,0.0,0.5586592178770949,1.08,True
1.59,1.09,0.5571030640668524,0.0,0.5571030640668524,1.09,True
1.6,1.1,0.5555555555555556,0.0,0.5555555555555556,1.1,True
1.61,1.11,0.5540166204986149,0.0,0.5540166204986149,1.11,True
1.62,1.12,0.5524861878453039,0.0,0.5524861878453039,1.12,True
1.6300000000000001,1.1300000000000001,0.5509641873278237,0.0,0.5509641873278237,1.1300000000000001,True
1.6400000000000001,1.1400000000000001,0.5494505494505494,0.0,0.5494505494505494,1.1400000000000001,True
1.6500000000000001,1.1500000000000001,0.547945205479452,0.0,0.547945205479452,1.1500000000000001,True
1.6600000000000001,1.1600000000000001,0.5464480874316939,0.0,0.5464480874316939,1.1600000000000001,True
1.67,1.17,0.5449591280653951,0.0,0.5449591280653951,1.17,True
1.68,1.18,0.5434782608695653,0.0,0.5434782608695653,1.18,True
1.69,1.19,0.5420054200542006,0.0,0.5420054200542006,1.19,True
1.7,1.2,0.5405405405405405,0.0,0.5405405405405405,1.2,True
1.71,1.21,0.5390835579514824,0.0,0.5390835579514824,1.21,True
1.72,1.22,0.5376344086021506,0.0,0.5376344086021506,1.22,True
1.73,1.23,0.5361930294906166,0.0,0.5361930294906166,1.23,True
1.74,1.24,0.53475935828877,0.0,0.53475935828877,1.24,True
1.75,1.25,0.5333333333333333,0.0,0.5333333333333333,1.25,True
1.76,1.26,0.5319148936170213,0.0,0.5319148936170213,1.26,True
1.77,1.27,0.5305039787798409,0.0,0.5305039787798409,1.27,True
1.78,1.28,0.5291005291005291,0.0,0.5291005291005291,1.28,True
1.79,1.29,0.5277044854881267,0.0,0.5277044854881267,1.29,True
1.8,1.3,0.5263157894736842,0.0,0.5263157894736842,1.3,True
1.81,1.31,0.5249343832020997,0.0,0.5249343832020997,1.31,True
1.82,1.32,0.5235602094240838,0.0,0.5235602094240838,1.32,True
1.83,1.33,0.5221932114882506,0.0,0.5221932114882506,1.33,True
1.84,1.34,0.5208333333333334,0.0,0.5208333333333334,1.34,True
1.85,1.35,0.5194805194805194,0.0,0.5194805194805194,1.35,True
1.86,1.36,0.5181347150259067,0.0,0.5181347150259067,1.36,True
1.87,1.37,0.5167958656330749,0.0,0.5167958656330749,1.37,True
1.8800000000000001,1.3800000000000001,0.5154639175257733,0.0,0.5154639175257733,1.3800000000000001,True
1.8900000000000001,1.3900000000000001,0.5141388174807198,0.0,0.5141388174807198,1.3900000000000001,True
1.9000000000000001,1.4000000000000001,0.5128205128205128,0.0,0.5128205128205128,1.4000000000000001,True
1.9100000000000001,1.4100000000000001,0.5115089514066496,0.0,0.5115089514066496,1.4100000000000001,True
1.92,1.42,0.5102040816326531,0.0,0.5102040816326531,1.42,True
1.93,1.43,0.5089058524173028,0.0,0.5089058524173028,1.43,True
1.94,1.44,0.5076142131979695,0.0,0.5076142131979695,1.44,True
1.95,1.45,0.5063291139240506,0.0,0.5063291139240506,1.45,True
1.96,1.46,0.5050505050505051,0.0,0.5050505050505051,1.46,True
1.97,1.47,0.5037783375314862,0.0,0.5037783375314862,1.47,True
1.98,1.48,0.5025125628140703,0.0,0.5025125628140703,1.48,True
1.99,1.49,0.5012531328320802,0.0,0.5012531328320802,1.49,True
2.0,1.5,0.5,0.0,0.5,1.5,True
2.0100000000000002,1.5100000000000002,0.49875311720698257,0.0,0.49875311720698257,1.5100000000000002,True
2.02,1.52,0.49751243781094534,0.0,0.49751243781094534,1.52,True
2.0300000000000002,1.5300000000000002,0.4962779156327543,0.0,0.4962779156327543,1.5300000000000002,True
2.04,1.54,0.49504950495049505,0.0,0.49504950495049505,1.54,True
2.05,1.5499999999999998,0.4938271604938272,0.0,0.4938271604938272,1.5499999999999998,True
2.06,1.56,0.4926108374384236,0.0,0.4926108374384236,1.56,True
2.07,1.5699999999999998,0.49140049140049136,0.0,0.49140049140049136,1.5699999999999998,True
2.08,1.58,0.49019607843137253,0.0,0.49019607843137253,1.58,True
2.09,1.5899999999999999,0.48899755501222497,0.0,0.48899755501222497,1.5899999999999999,True
2.1,1.6,0.48780487804878053,0.0,0.48780487804878053,1.6,True
2.11,1.6099999999999999,0.4866180048661801,0.0,0.4866180048661801,1.6099999999999999,True
2.12,1.62,0.4854368932038835,0.0,0.4854368932038835,1.62,True
2.13,1.63,0.48426150121065376,0.0,0.48426150121065376,1.63,True
2.14,1.6400000000000001,0.48309178743961345,0.0,0.48309178743961345,1.6400000000000001,True
2.15,1.65,0.48192771084337344,0.0,0.48192771084337344,1.65,True
2.16,1.6600000000000001,0.4807692307692307,0.0,0.4807692307692307,1.6600000000000001,True
2.17,1.67,0.47961630695443647,0.0,0.47961630695443647,1.67,True
2.18,1.6800000000000002,0.47846889952153115,0.0,0.47846889952153115,1.6800000000000002,True
2.19,1.69,0.4773269689737471,0.0,0.4773269689737471,1.69,True
2.2,1.7000000000000002,0.47619047619047616,0.0,0.47619047619047616,1.7000000000000002,True
2.21,1.71,0.4750593824228029,0.0,0.4750593824228029,1.71,True
2.22,1.7200000000000002,0.4739336492890995,0.0,0.4739336492890995,1.7200000000000002,True
2.23,1.73,0.47281323877068554,0.0,0.47281323877068554,1.73,True
2.24,1.7400000000000002,0.4716981132075471,0.0,0.4716981132075471,1.7400000000000002,True
2.25,1.75,0.47058823529411764,0.0,0.47058823529411764,1.75,True
2.2600000000000002,1.7600000000000002,0.4694835680751174,0.0,0.4694835680751174,1.7600000000000002,True
2.27,1.77,0.468384074941452,0.0,0.468384074941452,1.77,True
2.2800000000000002,1.7800000000000002,0.4672897196261682,0.0,0.4672897196261682,1.7800000000000002,True
2.29,1.79,0.4662004662004662,0.0,0.4662004662004662,1.79,True
2.3000000000000003,1.8000000000000003,0.4651162790697674,0.0,0.4651162790697674,1.8000000000000003,True
2.31,1.81,0.4640371229698375,0.0,0.4640371229698375,1.81,True
2.32,1.8199999999999998,0.4629629629629629,0.0,0.4629629629629629,1.8199999999999998,True
2.33,1.83,0.4618937644341801,0.0,0.4618937644341801,1.83,True
2.34,1.8399999999999999,0.4608294930875576,0.0,0.4608294930875576,1.8399999999999999,True
2.35,1.85,0.4597701149425288,0.0,0.4597701149425288,1.85,True
2.36,1.8599999999999999,0.4587155963302753,0.0,0.4587155963302753,1.8599999999999999,True
2.37,1.87,0.45766590389016015,0.0,0.45766590389016015,1.87,True
2.38,1.88,0.4566210045662101,0.0,0.4566210045662101,1.88,True
2.39,1.8900000000000001,0.4555808656036446,0.0,0.4555808656036446,1.8900000000000001,True
2.4,1.9,0.45454545454545453,0.0,0.45454545454545453,1.9,True
2.41,1.9100000000000001,0.4535147392290249,0.0,0.4535147392290249,1.9100000000000001,True
2.42,1.92,0.45248868778280543,0.0,0.45248868778280543,1.92,True
2.43,1.9300000000000002,0.4514672686230249,0.0,0.4514672686230249,1.9300000000000002,True
2.44,1.94,0.4504504504504505,0.0,0.4504504504504505,1.94,True
2.45,1.9500000000000002,0.449438202247191,0.0,0.449438202247191,1.9500000000000002,True
2.46,1.96,0.4484304932735426,0.0,0.4484304932735426,1.96,True
2.47,1.9700000000000002,0.4474272930648769,0.0,0.4474272930648769,1.9700000000000002,True
2.48,1.98,0.4464285714285714,0.0,0.4464285714285714,1.98,True
2.49,1.9900000000000002,0.4454342984409799,0.0,0.4454342984409799,1.9900000000000002,True
2.5,2.0,0.4444444444444444,0.0,0.4444444444444444,2.0,True
2.5100000000000002,2.0100000000000002,0.4434589800443459,0.0,0.4434589800443459,2.0100000000000002,True
2.52,2.02,0.4424778761061947,0.0,0.4424778761061947,2.02,True
2.5300000000000002,2.0300000000000002,0.44150110375275936,0.0,0.44150110375275936,2.0300000000000002,True
2.54,2.04,0.44052863436123346,0.0,0.44052863436123346,2.04,True
2.5500000000000003,2.0500000000000003,0.4395604395604395,0.0,0.4395604395604395,2.0500000000000003,True
2.56,2.06,0.43859649122807015,0.0,0.43859649122807015,2.06,True
2.57,2.07,0.437636761487965,0.0,0.437636761487965,2.07,True
2.58,2.08,0.4366812227074236,0.0,0.4366812227074236,2.08,True
2.59,2.09,0.4357298474945534,0.0,0.4357298474945534,2.09,True
2.6,2.1,0.4347826086956522,0.0,0.4347826086956522,2.1,True
2.61,2.11,0.4338394793926248,0.0,0.4338394793926248,2.11,True
2.62,2.12,0.4329004329004329,0.0,0.4329004329004329,2.12,True
2.63,2.13,0.4319654427645788,0.0,0.4319654427645788,2.13,True
2.64,2.14,0.43103448275862066,0.0,0.43103448275862066,2.14,True
2.65,2.15,0.4301075268817204,0.0,0.4301075268817204,2.15,True
2.66,2.16,0.4291845493562232,0.0,0.4291845493562232,2.16,True
2.67,2.17,0.4282655246252677,0.0,0.4282655246252677,2.17,True
2.68,2.18,0.4273504273504274,0.0,0.4273504273504274,2.18,True
2.69,2.19,0.4264392324093817,0.0,0.4264392324093817,2.19,True
2.7,2.2,0.425531914893617,0.0,0.425531914893617,2.2,True
2.71,2.21,0.42462845010615713,0.0,0.42462845010615713,2.21,True
2.72,2.22,0.42372881355932196,0.0,0.42372881355932196,2.22,True
2.73,2.23,0.4228329809725158,0.0,0.4228329809725158,2.23,True
2.74,2.24,0.42194092827004215,0.0,0.42194092827004215,2.24,True
2.75,2.25,0.42105263157894735,0.0,0.42105263157894735,2.25,True
2.7600000000000002,2.2600000000000002,0.42016806722689076,0.0,0.42016806722689076,2.2600000000000002,True
2.77,2.27,0.41928721174004197,0.0,0.41928721174004197,2.27,True
2.7800000000000002,2.2800000000000002,0.41841004184100417,0.0,0.41841004184100417,2.2800000000000002,True
2.79,2.29,0.4175365344467641,0.0,0.4175365344467641,2.29,True
2.8000000000000003,2.3000000000000003,0.41666666666666663,0.0,0.41666666666666663,2.3000000000000003,True
2.81,2.31,0.41580041580041577,0.0,0.41580041580041577,2.31,True
2.82,2.32,0.41493775933609955,0.0,0.41493775933609955,2.32,True
2.83,2.33,0.41407867494824013,0.0,0.41407867494824013,2.33,True
2.84,2.34,0.4132231404958678,0.0,0.4132231404958678,2.34,True
2.85,2.35,0.4123711340206186,0.0,0.4123711340206186,2.35,True
2.86,2.36,0.41152263374485604,0.0,0.41152263374485604,2.36,True
2.87,2.37,0.4106776180698152,0.0,0.4106776180698152,2.37,True
2.88,2.38,0.4098360655737705,0.0,0.4098360655737705,2.38,True
2.89,2.39,0.4089979550102249,0.0,0.4089979550102249,2.39,True
2.9,2.4,0.4081632653061224,0.0,0.4081632653061224,2.4,True
2.91,2.41,0.40733197556008144,0.0,0.40733197556008144,2.41,True
2.92,2.42,0.4065040650406504,0.0,0.4065040650406504,2.42,True
2.93,2.43,0.40567951318458423,0.0,0.40567951318458423,2.43,True
2.94,2.44,0.40485829959514175,0.0,0.40485829959514175,2.44,True
2.95,2.45,0.40404040404040403,0.0,0.40404040404040403,2.45,True
2.96,2.46,0.40322580645161293,0.0,0.40322580645161293,2.46,True
2.97,2.47,0.40241448692152915,0.0,0.40241448692152915,2.47,True
2.98,2.48,0.4016064257028112,0.0,0.4016064257028112,2.48,True
2.99,2.49,0.4008016032064128,0.0,0.4008016032064128,2.49,True
3.0,2.5,0.4,0.0,0.4,2.5,True
